,CombinationType,CreateDate,DeliveryMonth,DeliveryYear,EndDelivDate,ExchangeID,ExchangeInstID,ExpireDate,InstLifePhase,InstrumentID,InstrumentName,IsTrading,LongMarginRatio,MaxLimitOrderVolume,MaxMarginSideAlgorithm,MaxMarketOrderVolume,MinLimitOrderVolume,MinMarketOrderVolume,OpenDate,OptionsType,PositionDateType,PositionType,PriceTick,ProductClass,ProductID,ShortMarginRatio,StartDelivDate,StrikePrice,UnderlyingInstrID,UnderlyingMultiple,VolumeMultiple
0,b'0',b'20151008',10.0,2016.0,b'20161019',b'SHFE',b'ag1610',b'20161017',b'1',b'ag1610',b'\xb0\xd7\xd2\xf81610',1.0,0.08,500.0,b'1',500.0,1.0,1.0,b'20151016',b'\x00',b'1',b'2',1.0,b'1',b'ag',0.08,b'20161018',1.7976931348623157e+308,b'',1.7976931348623157e+308,15.0
1,b'0',b'20151106',11.0,2016.0,b'20161117',b'SHFE',b'ag1611',b'20161115',b'1',b'ag1611',b'\xb0\xd7\xd2\xf81611',1.0,0.08,500.0,b'1',500.0,1.0,1.0,b'20151117',b'\x00',b'1',b'2',1.0,b'1',b'ag',0.08,b'20161116',1.7976931348623157e+308,b'',1.7976931348623157e+308,15.0
2,b'0',b'20151207',12.0,2016.0,b'20161219',b'SHFE',b'ag1612',b'20161215',b'1',b'ag1612',b'\xb0\xd7\xd2\xf81612',1.0,0.08,500.0,b'1',500.0,1.0,1.0,b'20151216',b'\x00',b'1',b'2',1.0,b'1',b'ag',0.08,b'20161216',1.7976931348623157e+308,b'',1.7976931348623157e+308,15.0
3,b'0',b'20160105',1.0,2017.0,b'20170118',b'SHFE',b'ag1701',b'20170116',b'1',b'ag1701',b'\xb0\xd7\xd2\xf81701',1.0,0.08,500.0,b'1',500.0,1.0,1.0,b'20160118',b'\x00',b'1',b'2',1.0,b'1',b'ag',0.08,b'20170117',1.7976931348623157e+308,b'',1.7976931348623157e+308,15.0
4,b'0',b'20160202',2.0,2017.0,b'20170217',b'SHFE',b'ag1702',b'20170215',b'1',b'ag1702',b'\xb0\xd7\xd2\xf81702',1.0,0.08,500.0,b'1',500.0,1.0,1.0,b'20160216',b'\x00',b'1',b'2',1.0,b'1',b'ag',0.08,b'20170216',1.7976931348623157e+308,b'',1.7976931348623157e+308,15.0
5,b'0',b'20160303',3.0,2017.0,b'20170317',b'SHFE',b'ag1703',b'20170315',b'1',b'ag1703',b'\xb0\xd7\xd2\xf81703',1.0,0.08,500.0,b'1',500.0,1.0,1.0,b'20160316',b'\x00',b'1',b'2',1.0,b'1',b'ag',0.08,b'20170316',1.7976931348623157e+308,b'',1.7976931348623157e+308,15.0
6,b'0',b'20160407',4.0,2017.0,b'20170419',b'SHFE',b'ag1704',b'20170417',b'1',b'ag1704',b'\xb0\xd7\xd2\xf81704',1.0,0.08,500.0,b'1',500.0,1.0,1.0,b'20160418',b'\x00',b'1',b'2',1.0,b'1',b'ag',0.08,b'20170418',1.7976931348623157e+308,b'',1.7976931348623157e+308,15.0
7,b'0',b'20160506',5.0,2017.0,b'20170517',b'SHFE',b'ag1705',b'20170515',b'1',b'ag1705',b'\xb0\xd7\xd2\xf81705',1.0,0.08,500.0,b'1',500.0,1.0,1.0,b'20160517',b'\x00',b'1',b'2',1.0,b'1',b'ag',0.08,b'20170516',1.7976931348623157e+308,b'',1.7976931348623157e+308,15.0
8,b'0',b'20160603',6.0,2017.0,b'20170619',b'SHFE',b'ag1706',b'20170615',b'1',b'ag1706',b'\xb0\xd7\xd2\xf81706',1.0,0.08,500.0,b'1',500.0,1.0,1.0,b'20160616',b'\x00',b'1',b'2',1.0,b'1',b'ag',0.08,b'20170616',1.7976931348623157e+308,b'',1.7976931348623157e+308,15.0
9,b'0',b'20160705',7.0,2017.0,b'20170719',b'SHFE',b'ag1707',b'20170717',b'1',b'ag1707',b'\xb0\xd7\xd2\xf81707',1.0,0.08,500.0,b'1',500.0,1.0,1.0,b'20160718',b'\x00',b'1',b'2',1.0,b'1',b'ag',0.08,b'20170718',1.7976931348623157e+308,b'',1.7976931348623157e+308,15.0
10,b'0',b'20160714',8.0,2017.0,b'20170822',b'SHFE',b'ag1708',b'20170815',b'1',b'ag1708',b'\xb0\xd7\xd2\xf81708',1.0,0.08,500.0,b'1',30.0,1.0,1.0,b'20160816',b'\x00',b'1',b'2',1.0,b'1',b'ag',0.08,b'20170816',0.0,b'',0.0,15.0
11,b'0',b'20160816',9.0,2017.0,b'20170922',b'SHFE',b'ag1709',b'20170915',b'1',b'ag1709',b'\xb0\xd7\xd2\xf81709',1.0,0.08,500.0,b'1',30.0,1.0,1.0,b'20160920',b'\x00',b'1',b'2',1.0,b'1',b'ag',0.08,b'20170918',0.0,b'',0.0,15.0
12,b'0',b'20151008',10.0,2016.0,b'20161019',b'SHFE',b'al1610',b'20161017',b'1',b'al1610',b'\xc2\xc11610',1.0,0.05,500.0,b'1',500.0,1.0,1.0,b'20151016',b'\x00',b'1',b'2',5.0,b'1',b'al',0.05,b'20161018',1.7976931348623157e+308,b'',1.7976931348623157e+308,5.0
13,b'0',b'20151106',11.0,2016.0,b'20161117',b'SHFE',b'al1611',b'20161115',b'1',b'al1611',b'\xc2\xc11611',1.0,0.05,500.0,b'1',500.0,1.0,1.0,b'20151117',b'\x00',b'1',b'2',5.0,b'1',b'al',0.05,b'20161116',1.7976931348623157e+308,b'',1.7976931348623157e+308,5.0
14,b'0',b'20151207',12.0,2016.0,b'20161219',b'SHFE',b'al1612',b'20161215',b'1',b'al1612',b'\xc2\xc11612',1.0,0.05,500.0,b'1',500.0,1.0,1.0,b'20151216',b'\x00',b'1',b'2',5.0,b'1',b'al',0.05,b'20161216',1.7976931348623157e+308,b'',1.7976931348623157e+308,5.0
15,b'0',b'20160105',1.0,2017.0,b'20170118',b'SHFE',b'al1701',b'20170116',b'1',b'al1701',b'\xc2\xc11701',1.0,0.05,500.0,b'1',500.0,1.0,1.0,b'20160118',b'\x00',b'1',b'2',5.0,b'1',b'al',0.05,b'20170117',1.7976931348623157e+308,b'',1.7976931348623157e+308,5.0
16,b'0',b'20160202',2.0,2017.0,b'20170217',b'SHFE',b'al1702',b'20170215',b'1',b'al1702',b'\xc2\xc11702',1.0,0.05,500.0,b'1',500.0,1.0,1.0,b'20160216',b'\x00',b'1',b'2',5.0,b'1',b'al',0.05,b'20170216',1.7976931348623157e+308,b'',1.7976931348623157e+308,5.0
17,b'0',b'20160303',3.0,2017.0,b'20170317',b'SHFE',b'al1703',b'20170315',b'1',b'al1703',b'\xc2\xc11703',1.0,0.05,500.0,b'1',500.0,1.0,1.0,b'20160316',b'\x00',b'1',b'2',5.0,b'1',b'al',0.05,b'20170316',1.7976931348623157e+308,b'',1.7976931348623157e+308,5.0
18,b'0',b'20160407',4.0,2017.0,b'20170419',b'SHFE',b'al1704',b'20170417',b'1',b'al1704',b'\xc2\xc11704',1.0,0.05,500.0,b'1',500.0,1.0,1.0,b'20160418',b'\x00',b'1',b'2',5.0,b'1',b'al',0.05,b'20170418',1.7976931348623157e+308,b'',1.7976931348623157e+308,5.0
19,b'0',b'20160506',5.0,2017.0,b'20170517',b'SHFE',b'al1705',b'20170515',b'1',b'al1705',b'\xc2\xc11705',1.0,0.05,500.0,b'1',500.0,1.0,1.0,b'20160517',b'\x00',b'1',b'2',5.0,b'1',b'al',0.05,b'20170516',1.7976931348623157e+308,b'',1.7976931348623157e+308,5.0
20,b'0',b'20160603',6.0,2017.0,b'20170619',b'SHFE',b'al1706',b'20170615',b'1',b'al1706',b'\xc2\xc11706',1.0,0.05,500.0,b'1',500.0,1.0,1.0,b'20160616',b'\x00',b'1',b'2',5.0,b'1',b'al',0.05,b'20170616',1.7976931348623157e+308,b'',1.7976931348623157e+308,5.0
21,b'0',b'20160705',7.0,2017.0,b'20170719',b'SHFE',b'al1707',b'20170717',b'1',b'al1707',b'\xc2\xc11707',1.0,0.05,500.0,b'1',500.0,1.0,1.0,b'20160718',b'\x00',b'1',b'2',5.0,b'1',b'al',0.05,b'20170718',1.7976931348623157e+308,b'',1.7976931348623157e+308,5.0
22,b'0',b'20160714',8.0,2017.0,b'20170822',b'SHFE',b'al1708',b'20170815',b'1',b'al1708',b'\xc2\xc11708',1.0,0.05,500.0,b'1',30.0,1.0,1.0,b'20160816',b'\x00',b'1',b'2',5.0,b'1',b'al',0.05,b'20170816',0.0,b'',0.0,5.0
23,b'0',b'20160816',9.0,2017.0,b'20170922',b'SHFE',b'al1709',b'20170915',b'1',b'al1709',b'\xc2\xc11709',1.0,0.05,500.0,b'1',30.0,1.0,1.0,b'20160920',b'\x00',b'1',b'2',5.0,b'1',b'al',0.05,b'20170918',0.0,b'',0.0,5.0
24,b'0',b'20150902',10.0,2016.0,b'20161019',b'SHFE',b'au1610',b'20161017',b'1',b'au1610',b'\xbb\xc6\xbd\xf01610',1.0,0.06,500.0,b'1',500.0,1.0,1.0,b'20150916',b'\x00',b'1',b'2',0.05,b'1',b'au',0.06,b'20161018',1.7976931348623157e+308,b'',1.7976931348623157e+308,1000.0
25,b'0',b'20160714',11.0,2016.0,b'20161122',b'SHFE',b'au1611',b'20161115',b'1',b'au1611',b'\xbb\xc6\xbd\xf01611',1.0,0.06,500.0,b'1',30.0,1.0,1.0,b'20160816',b'\x00',b'1',b'2',0.05,b'1',b'au',0.06,b'20161116',0.0,b'',0.0,1000.0
26,b'0',b'20151106',12.0,2016.0,b'20161219',b'SHFE',b'au1612',b'20161215',b'1',b'au1612',b'\xbb\xc6\xbd\xf01612',1.0,0.06,500.0,b'1',500.0,1.0,1.0,b'20151117',b'\x00',b'1',b'2',0.05,b'1',b'au',0.06,b'20161216',1.7976931348623157e+308,b'',1.7976931348623157e+308,1000.0
27,b'0',b'20160105',2.0,2017.0,b'20170220',b'SHFE',b'au1702',b'20170215',b'1',b'au1702',b'\xbb\xc6\xbd\xf01702',1.0,0.06,500.0,b'1',500.0,1.0,1.0,b'20160118',b'\x00',b'1',b'2',0.05,b'1',b'au',0.06,b'20170216',1.7976931348623157e+308,b'',1.7976931348623157e+308,1000.0
28,b'0',b'20160303',4.0,2017.0,b'20170419',b'SHFE',b'au1704',b'20170417',b'1',b'au1704',b'\xbb\xc6\xbd\xf01704',1.0,0.06,500.0,b'1',500.0,1.0,1.0,b'20160316',b'\x00',b'1',b'2',0.05,b'1',b'au',0.06,b'20170418',1.7976931348623157e+308,b'',1.7976931348623157e+308,1000.0
29,b'0',b'20160506',6.0,2017.0,b'20170619',b'SHFE',b'au1706',b'20170615',b'1',b'au1706',b'\xbb\xc6\xbd\xf01706',1.0,0.06,500.0,b'1',500.0,1.0,1.0,b'20160517',b'\x00',b'1',b'2',0.05,b'1',b'au',0.06,b'20170616',1.7976931348623157e+308,b'',1.7976931348623157e+308,1000.0
30,b'0',b'20160705',8.0,2017.0,b'20170817',b'SHFE',b'au1708',b'20170815',b'1',b'au1708',b'\xbb\xc6\xbd\xf01708',1.0,0.06,500.0,b'1',500.0,1.0,1.0,b'20160718',b'\x00',b'1',b'2',0.05,b'1',b'au',0.06,b'20170816',1.7976931348623157e+308,b'',1.7976931348623157e+308,1000.0
31,b'0',b'20160816',10.0,2017.0,b'20171023',b'SHFE',b'au1710',b'20171016',b'1',b'au1710',b'\xbb\xc6\xbd\xf01710',1.0,0.06,500.0,b'1',30.0,1.0,1.0,b'20160920',b'\x00',b'1',b'2',0.05,b'1',b'au',0.06,b'20171017',0.0,b'',0.0,1000.0
32,b'0',b'20160407',10.0,2016.0,b'20161019',b'SHFE',b'bu1610',b'20161017',b'1',b'bu1610',b'\xc1\xa4\xc7\xe01610',1.0,0.06999999999999999,500.0,b'1',500.0,1.0,1.0,b'20160418',b'\x00',b'1',b'2',2.0,b'1',b'bu',0.06999999999999999,b'20161018',1.7976931348623157e+308,b'',1.7976931348623157e+308,10.0
33,b'0',b'20160506',11.0,2016.0,b'20161117',b'SHFE',b'bu1611',b'20161115',b'1',b'bu1611',b'\xc1\xa4\xc7\xe01611',1.0,0.06999999999999999,500.0,b'1',500.0,1.0,1.0,b'20160517',b'\x00',b'1',b'2',2.0,b'1',b'bu',0.06999999999999999,b'20161116',1.7976931348623157e+308,b'',1.7976931348623157e+308,10.0
34,b'0',b'20141203',12.0,2016.0,b'20161216',b'SHFE',b'bu1612',b'20161215',b'1',b'bu1612',b'\xc1\xa4\xc7\xe01612',1.0,0.06999999999999999,500.0,b'1',500.0,1.0,1.0,b'20141216',b'\x00',b'1',b'2',2.0,b'1',b'bu',0.06999999999999999,b'20161215',1.7976931348623157e+308,b'',1.0,10.0
35,b'0',b'20160705',1.0,2017.0,b'20170118',b'SHFE',b'bu1701',b'20170116',b'1',b'bu1701',b'\xc1\xa4\xc7\xe01701',1.0,0.06999999999999999,500.0,b'1',500.0,1.0,1.0,b'20160718',b'\x00',b'1',b'2',2.0,b'1',b'bu',0.06999999999999999,b'20170117',1.7976931348623157e+308,b'',1.7976931348623157e+308,10.0
36,b'0',b'20160714',2.0,2017.0,b'20170222',b'SHFE',b'bu1702',b'20170215',b'1',b'bu1702',b'\xc1\xa4\xc7\xe01702',1.0,0.06999999999999999,500.0,b'1',30.0,1.0,1.0,b'20160816',b'\x00',b'1',b'2',2.0,b'1',b'bu',0.06999999999999999,b'20170216',0.0,b'',0.0,10.0
37,b'0',b'20150305',3.0,2017.0,b'20170316',b'SHFE',b'bu1703',b'20170315',b'1',b'bu1703',b'\xc1\xa4\xc7\xe01703',1.0,0.06999999999999999,500.0,b'1',500.0,1.0,1.0,b'20150317',b'\x00',b'1',b'2',2.0,b'1',b'bu',0.06999999999999999,b'20170315',1.7976931348623157e+308,b'',1.7976931348623157e+308,10.0
38,b'0',b'20150605',6.0,2017.0,b'20170619',b'SHFE',b'bu1706',b'20170615',b'1',b'bu1706',b'\xc1\xa4\xc7\xe01706',1.0,0.06999999999999999,500.0,b'1',500.0,1.0,1.0,b'20150616',b'\x00',b'1',b'2',2.0,b'1',b'bu',0.06999999999999999,b'20170616',0.0,b'',0.0,10.0
39,b'0',b'20150902',9.0,2017.0,b'20170919',b'SHFE',b'bu1709',b'20170915',b'1',b'bu1709',b'\xc1\xa4\xc7\xe01709',1.0,0.06999999999999999,500.0,b'1',500.0,1.0,1.0,b'20150916',b'\x00',b'1',b'2',2.0,b'1',b'bu',0.06999999999999999,b'20170918',1.7976931348623157e+308,b'',1.7976931348623157e+308,10.0
40,b'0',b'20151207',12.0,2017.0,b'20171219',b'SHFE',b'bu1712',b'20171215',b'1',b'bu1712',b'\xc1\xa4\xc7\xe01712',1.0,0.06999999999999999,500.0,b'1',500.0,1.0,1.0,b'20151216',b'\x00',b'1',b'2',2.0,b'1',b'bu',0.06999999999999999,b'20171218',1.7976931348623157e+308,b'',1.7976931348623157e+308,10.0
41,b'0',b'20160303',3.0,2018.0,b'20180319',b'SHFE',b'bu1803',b'20180315',b'1',b'bu1803',b'\xc1\xa4\xc7\xe01803',1.0,0.06999999999999999,500.0,b'1',500.0,1.0,1.0,b'20160316',b'\x00',b'1',b'2',2.0,b'1',b'bu',0.06999999999999999,b'20180316',1.7976931348623157e+308,b'',1.7976931348623157e+308,10.0
42,b'0',b'20160603',6.0,2018.0,b'20180619',b'SHFE',b'bu1806',b'20180615',b'1',b'bu1806',b'\xc1\xa4\xc7\xe01806',1.0,0.06999999999999999,500.0,b'1',500.0,1.0,1.0,b'20160616',b'\x00',b'1',b'2',2.0,b'1',b'bu',0.06999999999999999,b'20180618',1.7976931348623157e+308,b'',1.7976931348623157e+308,10.0
43,b'0',b'20160816',9.0,2018.0,b'20180924',b'SHFE',b'bu1809',b'20180917',b'1',b'bu1809',b'\xc1\xa4\xc7\xe01809',1.0,0.06999999999999999,500.0,b'1',30.0,1.0,1.0,b'20160920',b'\x00',b'1',b'2',2.0,b'1',b'bu',0.06999999999999999,b'20180918',0.0,b'',0.0,10.0
44,b'0',b'20151008',10.0,2016.0,b'20161019',b'SHFE',b'cu1610',b'20161017',b'1',b'cu1610',b'\xcd\xad1610',1.0,0.08,500.0,b'1',500.0,1.0,1.0,b'20151016',b'\x00',b'1',b'2',10.0,b'1',b'cu',0.08,b'20161018',1.7976931348623157e+308,b'',1.7976931348623157e+308,5.0
45,b'0',b'20151106',11.0,2016.0,b'20161117',b'SHFE',b'cu1611',b'20161115',b'1',b'cu1611',b'\xcd\xad1611',1.0,0.08,500.0,b'1',500.0,1.0,1.0,b'20151117',b'\x00',b'1',b'2',10.0,b'1',b'cu',0.08,b'20161116',1.7976931348623157e+308,b'',1.7976931348623157e+308,5.0
46,b'0',b'20151207',12.0,2016.0,b'20161219',b'SHFE',b'cu1612',b'20161215',b'1',b'cu1612',b'\xcd\xad1612',1.0,0.08,500.0,b'1',500.0,1.0,1.0,b'20151216',b'\x00',b'1',b'2',10.0,b'1',b'cu',0.08,b'20161216',1.7976931348623157e+308,b'',1.7976931348623157e+308,5.0
47,b'0',b'20160105',1.0,2017.0,b'20170118',b'SHFE',b'cu1701',b'20170116',b'1',b'cu1701',b'\xcd\xad1701',1.0,0.08,500.0,b'1',500.0,1.0,1.0,b'20160118',b'\x00',b'1',b'2',10.0,b'1',b'cu',0.08,b'20170117',1.7976931348623157e+308,b'',1.7976931348623157e+308,5.0
48,b'0',b'20160202',2.0,2017.0,b'20170217',b'SHFE',b'cu1702',b'20170215',b'1',b'cu1702',b'\xcd\xad1702',1.0,0.08,500.0,b'1',500.0,1.0,1.0,b'20160216',b'\x00',b'1',b'2',10.0,b'1',b'cu',0.08,b'20170216',1.7976931348623157e+308,b'',1.7976931348623157e+308,5.0
49,b'0',b'20160303',3.0,2017.0,b'20170317',b'SHFE',b'cu1703',b'20170315',b'1',b'cu1703',b'\xcd\xad1703',1.0,0.08,500.0,b'1',500.0,1.0,1.0,b'20160316',b'\x00',b'1',b'2',10.0,b'1',b'cu',0.08,b'20170316',1.7976931348623157e+308,b'',1.7976931348623157e+308,5.0
50,b'0',b'20160407',4.0,2017.0,b'20170419',b'SHFE',b'cu1704',b'20170417',b'1',b'cu1704',b'\xcd\xad1704',1.0,0.08,500.0,b'1',500.0,1.0,1.0,b'20160418',b'\x00',b'1',b'2',10.0,b'1',b'cu',0.08,b'20170418',1.7976931348623157e+308,b'',1.7976931348623157e+308,5.0
51,b'0',b'20160506',5.0,2017.0,b'20170517',b'SHFE',b'cu1705',b'20170515',b'1',b'cu1705',b'\xcd\xad1705',1.0,0.08,500.0,b'1',500.0,1.0,1.0,b'20160517',b'\x00',b'1',b'2',10.0,b'1',b'cu',0.08,b'20170516',1.7976931348623157e+308,b'',1.7976931348623157e+308,5.0
52,b'0',b'20160603',6.0,2017.0,b'20170619',b'SHFE',b'cu1706',b'20170615',b'1',b'cu1706',b'\xcd\xad1706',1.0,0.08,500.0,b'1',500.0,1.0,1.0,b'20160616',b'\x00',b'1',b'2',10.0,b'1',b'cu',0.08,b'20170616',1.7976931348623157e+308,b'',1.7976931348623157e+308,5.0
53,b'0',b'20160705',7.0,2017.0,b'20170719',b'SHFE',b'cu1707',b'20170717',b'1',b'cu1707',b'\xcd\xad1707',1.0,0.08,500.0,b'1',500.0,1.0,1.0,b'20160718',b'\x00',b'1',b'2',10.0,b'1',b'cu',0.08,b'20170718',1.7976931348623157e+308,b'',1.7976931348623157e+308,5.0
54,b'0',b'20160714',8.0,2017.0,b'20170822',b'SHFE',b'cu1708',b'20170815',b'1',b'cu1708',b'\xcd\xad1708',1.0,0.08,500.0,b'1',30.0,1.0,1.0,b'20160816',b'\x00',b'1',b'2',10.0,b'1',b'cu',0.08,b'20170816',0.0,b'',0.0,5.0
55,b'0',b'20160816',9.0,2017.0,b'20170922',b'SHFE',b'cu1709',b'20170915',b'1',b'cu1709',b'\xcd\xad1709',1.0,0.08,500.0,b'1',30.0,1.0,1.0,b'20160920',b'\x00',b'1',b'2',10.0,b'1',b'cu',0.08,b'20170918',0.0,b'',0.0,5.0
56,b'0',b'20151008',11.0,2016.0,b'20161102',b'SHFE',b'fu1611',b'20161031',b'1',b'fu1611',b'\xc8\xbc\xc1\xcf\xd3\xcd1611',1.0,0.2,500.0,b'1',500.0,1.0,1.0,b'20151102',b'\x00',b'1',b'2',1.0,b'1',b'fu',0.2,b'20161101',1.7976931348623157e+308,b'',1.7976931348623157e+308,50.0
57,b'0',b'20151106',12.0,2016.0,b'20161202',b'SHFE',b'fu1612',b'20161130',b'1',b'fu1612',b'\xc8\xbc\xc1\xcf\xd3\xcd1612',1.0,0.2,500.0,b'1',500.0,1.0,1.0,b'20151201',b'\x00',b'1',b'2',1.0,b'1',b'fu',0.2,b'20161201',1.7976931348623157e+308,b'',1.7976931348623157e+308,50.0
58,b'0',b'20160105',2.0,2017.0,b'20170202',b'SHFE',b'fu1702',b'20170131',b'1',b'fu1702',b'\xc8\xbc\xc1\xcf\xd3\xcd1702',1.0,0.2,500.0,b'1',500.0,1.0,1.0,b'20160201',b'\x00',b'1',b'2',1.0,b'1',b'fu',0.2,b'20170201',1.7976931348623157e+308,b'',1.7976931348623157e+308,50.0
59,b'0',b'20160202',3.0,2017.0,b'20170302',b'SHFE',b'fu1703',b'20170228',b'1',b'fu1703',b'\xc8\xbc\xc1\xcf\xd3\xcd1703',1.0,0.2,500.0,b'1',500.0,1.0,1.0,b'20160301',b'\x00',b'1',b'2',1.0,b'1',b'fu',0.2,b'20170301',1.7976931348623157e+308,b'',1.7976931348623157e+308,50.0
60,b'0',b'20160303',4.0,2017.0,b'20170404',b'SHFE',b'fu1704',b'20170331',b'1',b'fu1704',b'\xc8\xbc\xc1\xcf\xd3\xcd1704',1.0,0.2,500.0,b'1',500.0,1.0,1.0,b'20160401',b'\x00',b'1',b'2',1.0,b'1',b'fu',0.2,b'20170403',0.0,b'',0.0,50.0
61,b'0',b'20160407',5.0,2017.0,b'20170504',b'SHFE',b'fu1705',b'20170428',b'1',b'fu1705',b'\xc8\xbc\xc1\xcf\xd3\xcd1705',1.0,0.2,500.0,b'1',500.0,1.0,1.0,b'20160503',b'\x00',b'1',b'2',1.0,b'1',b'fu',0.2,b'20170503',1.7976931348623157e+308,b'',1.7976931348623157e+308,50.0
62,b'0',b'20160506',6.0,2017.0,b'20170602',b'SHFE',b'fu1706',b'20170531',b'1',b'fu1706',b'\xc8\xbc\xc1\xcf\xd3\xcd1706',1.0,0.2,500.0,b'1',500.0,1.0,1.0,b'20160601',b'\x00',b'1',b'2',1.0,b'1',b'fu',0.2,b'20170601',1.7976931348623157e+308,b'',1.7976931348623157e+308,50.0
63,b'0',b'20160603',7.0,2017.0,b'20170704',b'SHFE',b'fu1707',b'20170630',b'1',b'fu1707',b'\xc8\xbc\xc1\xcf\xd3\xcd1707',1.0,0.2,500.0,b'1',500.0,1.0,1.0,b'20160701',b'\x00',b'1',b'2',1.0,b'1',b'fu',0.2,b'20170703',1.7976931348623157e+308,b'',1.7976931348623157e+308,50.0
64,b'0',b'20160705',8.0,2017.0,b'20170802',b'SHFE',b'fu1708',b'20170731',b'1',b'fu1708',b'\xc8\xbc\xc1\xcf\xd3\xcd1708',1.0,0.2,500.0,b'1',500.0,1.0,1.0,b'20160801',b'\x00',b'1',b'2',1.0,b'1',b'fu',0.2,b'20170801',1.7976931348623157e+308,b'',1.7976931348623157e+308,50.0
65,b'0',b'20160801',9.0,2017.0,b'20170907',b'SHFE',b'fu1709',b'20170831',b'1',b'fu1709',b'\xc8\xbc\xc1\xcf\xd3\xcd1709',1.0,0.2,500.0,b'1',30.0,1.0,1.0,b'20160901',b'\x00',b'1',b'2',1.0,b'1',b'fu',0.2,b'20170901',0.0,b'',0.0,50.0
66,b'0',b'20160901',10.0,2017.0,b'20171013',b'SHFE',b'fu1710',b'20170929',b'1',b'fu1710',b'\xc8\xbc\xc1\xcf\xd3\xcd1710',1.0,0.2,500.0,b'1',30.0,1.0,1.0,b'20161010',b'\x00',b'1',b'2',1.0,b'1',b'fu',0.2,b'20171009',0.0,b'',0.0,50.0
67,b'0',b'20151008',10.0,2016.0,b'20161019',b'SHFE',b'hc1610',b'20161017',b'1',b'hc1610',b'\xc8\xc8\xd4\xfe\xb0\xe51610',1.0,0.06,500.0,b'1',500.0,1.0,1.0,b'20151016',b'\x00',b'1',b'2',1.0,b'1',b'hc',0.06,b'20161018',1.7976931348623157e+308,b'',1.0,10.0
68,b'0',b'20151106',11.0,2016.0,b'20161117',b'SHFE',b'hc1611',b'20161115',b'1',b'hc1611',b'\xc8\xc8\xd4\xfe\xb0\xe51611',1.0,0.06,500.0,b'1',500.0,1.0,1.0,b'20151117',b'\x00',b'1',b'2',1.0,b'1',b'hc',0.06,b'20161116',1.7976931348623157e+308,b'',1.0,10.0
69,b'0',b'20151207',12.0,2016.0,b'20161219',b'SHFE',b'hc1612',b'20161215',b'1',b'hc1612',b'\xc8\xc8\xd4\xfe\xb0\xe51612',1.0,0.06,500.0,b'1',500.0,1.0,1.0,b'20151216',b'\x00',b'1',b'2',1.0,b'1',b'hc',0.06,b'20161216',1.7976931348623157e+308,b'',1.0,10.0
70,b'0',b'20160105',1.0,2017.0,b'20170118',b'SHFE',b'hc1701',b'20170116',b'1',b'hc1701',b'\xc8\xc8\xd4\xfe\xb0\xe51701',1.0,0.06,500.0,b'1',500.0,1.0,1.0,b'20160118',b'\x00',b'1',b'2',1.0,b'1',b'hc',0.06,b'20170117',1.7976931348623157e+308,b'',1.0,10.0
71,b'0',b'20160202',2.0,2017.0,b'20170217',b'SHFE',b'hc1702',b'20170215',b'1',b'hc1702',b'\xc8\xc8\xd4\xfe\xb0\xe51702',1.0,0.06,500.0,b'1',500.0,1.0,1.0,b'20160216',b'\x00',b'1',b'2',1.0,b'1',b'hc',0.06,b'20170216',1.7976931348623157e+308,b'',1.0,10.0
72,b'0',b'20160303',3.0,2017.0,b'20170317',b'SHFE',b'hc1703',b'20170315',b'1',b'hc1703',b'\xc8\xc8\xd4\xfe\xb0\xe51703',1.0,0.06,500.0,b'1',500.0,1.0,1.0,b'20160316',b'\x00',b'1',b'2',1.0,b'1',b'hc',0.06,b'20170316',1.7976931348623157e+308,b'',1.0,10.0
73,b'0',b'20160407',4.0,2017.0,b'20170419',b'SHFE',b'hc1704',b'20170417',b'1',b'hc1704',b'\xc8\xc8\xd4\xfe\xb0\xe51704',1.0,0.06,500.0,b'1',500.0,1.0,1.0,b'20160418',b'\x00',b'1',b'2',1.0,b'1',b'hc',0.06,b'20170418',1.7976931348623157e+308,b'',1.0,10.0
74,b'0',b'20160506',5.0,2017.0,b'20170517',b'SHFE',b'hc1705',b'20170515',b'1',b'hc1705',b'\xc8\xc8\xd4\xfe\xb0\xe51705',1.0,0.06,500.0,b'1',500.0,1.0,1.0,b'20160517',b'\x00',b'1',b'2',1.0,b'1',b'hc',0.06,b'20170516',1.7976931348623157e+308,b'',1.0,10.0
75,b'0',b'20160603',6.0,2017.0,b'20170619',b'SHFE',b'hc1706',b'20170615',b'1',b'hc1706',b'\xc8\xc8\xd4\xfe\xb0\xe51706',1.0,0.06,500.0,b'1',500.0,1.0,1.0,b'20160616',b'\x00',b'1',b'2',1.0,b'1',b'hc',0.06,b'20170616',1.7976931348623157e+308,b'',1.0,10.0
76,b'0',b'20160705',7.0,2017.0,b'20170719',b'SHFE',b'hc1707',b'20170717',b'1',b'hc1707',b'\xc8\xc8\xd4\xfe\xb0\xe51707',1.0,0.06,500.0,b'1',500.0,1.0,1.0,b'20160718',b'\x00',b'1',b'2',1.0,b'1',b'hc',0.06,b'20170718',1.7976931348623157e+308,b'',1.0,10.0
77,b'0',b'20160714',8.0,2017.0,b'20170822',b'SHFE',b'hc1708',b'20170815',b'1',b'hc1708',b'\xc8\xc8\xd4\xfe\xb0\xe51708',1.0,0.06,500.0,b'1',30.0,1.0,1.0,b'20160816',b'\x00',b'1',b'2',1.0,b'1',b'hc',0.06,b'20170816',0.0,b'',0.0,10.0
78,b'0',b'20160816',9.0,2017.0,b'20170922',b'SHFE',b'hc1709',b'20170915',b'1',b'hc1709',b'\xc8\xc8\xd4\xfe\xb0\xe51709',1.0,0.06,500.0,b'1',30.0,1.0,1.0,b'20160920',b'\x00',b'1',b'2',1.0,b'1',b'hc',0.06,b'20170918',0.0,b'',0.0,10.0
79,b'0',b'20151008',10.0,2016.0,b'20161019',b'SHFE',b'ni1610',b'20161017',b'1',b'ni1610',b'\xc4\xf81610',1.0,0.06999999999999999,500.0,b'1',500.0,1.0,1.0,b'20151016',b'\x00',b'1',b'2',10.0,b'1',b'ni',0.06999999999999999,b'20161018',1.7976931348623157e+308,b'',1.0,1.0
80,b'0',b'20151106',11.0,2016.0,b'20161117',b'SHFE',b'ni1611',b'20161115',b'1',b'ni1611',b'\xc4\xf81611',1.0,0.06999999999999999,500.0,b'1',500.0,1.0,1.0,b'20151117',b'\x00',b'1',b'2',10.0,b'1',b'ni',0.06999999999999999,b'20161116',1.7976931348623157e+308,b'',1.0,1.0
81,b'0',b'20151207',12.0,2016.0,b'20161219',b'SHFE',b'ni1612',b'20161215',b'1',b'ni1612',b'\xc4\xf81612',1.0,0.06999999999999999,500.0,b'1',500.0,1.0,1.0,b'20151216',b'\x00',b'1',b'2',10.0,b'1',b'ni',0.06999999999999999,b'20161216',1.7976931348623157e+308,b'',1.0,1.0
82,b'0',b'20160105',1.0,2017.0,b'20170118',b'SHFE',b'ni1701',b'20170116',b'1',b'ni1701',b'\xc4\xf81701',1.0,0.06999999999999999,500.0,b'1',500.0,1.0,1.0,b'20160118',b'\x00',b'1',b'2',10.0,b'1',b'ni',0.06999999999999999,b'20170117',1.7976931348623157e+308,b'',1.0,1.0
83,b'0',b'20160202',2.0,2017.0,b'20170217',b'SHFE',b'ni1702',b'20170215',b'1',b'ni1702',b'\xc4\xf81702',1.0,0.06999999999999999,500.0,b'1',500.0,1.0,1.0,b'20160216',b'\x00',b'1',b'2',10.0,b'1',b'ni',0.06999999999999999,b'20170216',1.7976931348623157e+308,b'',1.0,1.0
84,b'0',b'20160303',3.0,2017.0,b'20170317',b'SHFE',b'ni1703',b'20170315',b'1',b'ni1703',b'\xc4\xf81703',1.0,0.06999999999999999,500.0,b'1',500.0,1.0,1.0,b'20160316',b'\x00',b'1',b'2',10.0,b'1',b'ni',0.06999999999999999,b'20170316',1.7976931348623157e+308,b'',1.0,1.0
85,b'0',b'20160407',4.0,2017.0,b'20170419',b'SHFE',b'ni1704',b'20170417',b'1',b'ni1704',b'\xc4\xf81704',1.0,0.06999999999999999,500.0,b'1',500.0,1.0,1.0,b'20160418',b'\x00',b'1',b'2',10.0,b'1',b'ni',0.06999999999999999,b'20170418',1.7976931348623157e+308,b'',1.0,1.0
86,b'0',b'20160506',5.0,2017.0,b'20170517',b'SHFE',b'ni1705',b'20170515',b'1',b'ni1705',b'\xc4\xf81705',1.0,0.06999999999999999,500.0,b'1',500.0,1.0,1.0,b'20160517',b'\x00',b'1',b'2',10.0,b'1',b'ni',0.06999999999999999,b'20170516',1.7976931348623157e+308,b'',1.0,1.0
87,b'0',b'20160603',6.0,2017.0,b'20170619',b'SHFE',b'ni1706',b'20170615',b'1',b'ni1706',b'\xc4\xf81706',1.0,0.06999999999999999,500.0,b'1',500.0,1.0,1.0,b'20160616',b'\x00',b'1',b'2',10.0,b'1',b'ni',0.06999999999999999,b'20170616',1.7976931348623157e+308,b'',1.0,1.0
88,b'0',b'20160705',7.0,2017.0,b'20170719',b'SHFE',b'ni1707',b'20170717',b'1',b'ni1707',b'\xc4\xf81707',1.0,0.06999999999999999,500.0,b'1',500.0,1.0,1.0,b'20160718',b'\x00',b'1',b'2',10.0,b'1',b'ni',0.06999999999999999,b'20170718',1.7976931348623157e+308,b'',1.0,1.0
89,b'0',b'20160714',8.0,2017.0,b'20170822',b'SHFE',b'ni1708',b'20170815',b'1',b'ni1708',b'\xc4\xf81708',1.0,0.06999999999999999,500.0,b'1',30.0,1.0,1.0,b'20160816',b'\x00',b'1',b'2',10.0,b'1',b'ni',0.06999999999999999,b'20170816',0.0,b'',0.0,1.0
90,b'0',b'20160816',9.0,2017.0,b'20170922',b'SHFE',b'ni1709',b'20170915',b'1',b'ni1709',b'\xc4\xf81709',1.0,0.06999999999999999,500.0,b'1',30.0,1.0,1.0,b'20160920',b'\x00',b'1',b'2',10.0,b'1',b'ni',0.06999999999999999,b'20170918',0.0,b'',0.0,1.0
91,b'0',b'20151008',10.0,2016.0,b'20161019',b'SHFE',b'pb1610',b'20161017',b'1',b'pb1610',b'\xc7\xa61610',1.0,0.05,500.0,b'1',500.0,1.0,1.0,b'20151016',b'\x00',b'1',b'2',5.0,b'1',b'pb',0.05,b'20161018',1.7976931348623157e+308,b'',1.7976931348623157e+308,5.0
92,b'0',b'20151106',11.0,2016.0,b'20161117',b'SHFE',b'pb1611',b'20161115',b'1',b'pb1611',b'\xc7\xa61611',1.0,0.05,500.0,b'1',500.0,1.0,1.0,b'20151117',b'\x00',b'1',b'2',5.0,b'1',b'pb',0.05,b'20161116',1.7976931348623157e+308,b'',1.7976931348623157e+308,5.0
93,b'0',b'20151207',12.0,2016.0,b'20161219',b'SHFE',b'pb1612',b'20161215',b'1',b'pb1612',b'\xc7\xa61612',1.0,0.05,500.0,b'1',500.0,1.0,1.0,b'20151216',b'\x00',b'1',b'2',5.0,b'1',b'pb',0.05,b'20161216',1.7976931348623157e+308,b'',1.7976931348623157e+308,5.0
94,b'0',b'20160105',1.0,2017.0,b'20170118',b'SHFE',b'pb1701',b'20170116',b'1',b'pb1701',b'\xc7\xa61701',1.0,0.05,500.0,b'1',500.0,1.0,1.0,b'20160118',b'\x00',b'1',b'2',5.0,b'1',b'pb',0.05,b'20170117',1.7976931348623157e+308,b'',1.7976931348623157e+308,5.0
95,b'0',b'20160202',2.0,2017.0,b'20170217',b'SHFE',b'pb1702',b'20170215',b'1',b'pb1702',b'\xc7\xa61702',1.0,0.05,500.0,b'1',500.0,1.0,1.0,b'20160216',b'\x00',b'1',b'2',5.0,b'1',b'pb',0.05,b'20170216',1.7976931348623157e+308,b'',1.7976931348623157e+308,5.0
96,b'0',b'20160303',3.0,2017.0,b'20170317',b'SHFE',b'pb1703',b'20170315',b'1',b'pb1703',b'\xc7\xa61703',1.0,0.05,500.0,b'1',500.0,1.0,1.0,b'20160316',b'\x00',b'1',b'2',5.0,b'1',b'pb',0.05,b'20170316',1.7976931348623157e+308,b'',1.7976931348623157e+308,5.0
97,b'0',b'20160407',4.0,2017.0,b'20170419',b'SHFE',b'pb1704',b'20170417',b'1',b'pb1704',b'\xc7\xa61704',1.0,0.05,500.0,b'1',500.0,1.0,1.0,b'20160418',b'\x00',b'1',b'2',5.0,b'1',b'pb',0.05,b'20170418',1.7976931348623157e+308,b'',1.7976931348623157e+308,5.0
98,b'0',b'20160506',5.0,2017.0,b'20170517',b'SHFE',b'pb1705',b'20170515',b'1',b'pb1705',b'\xc7\xa61705',1.0,0.05,500.0,b'1',500.0,1.0,1.0,b'20160517',b'\x00',b'1',b'2',5.0,b'1',b'pb',0.05,b'20170516',1.7976931348623157e+308,b'',1.7976931348623157e+308,5.0
99,b'0',b'20160603',6.0,2017.0,b'20170619',b'SHFE',b'pb1706',b'20170615',b'1',b'pb1706',b'\xc7\xa61706',1.0,0.05,500.0,b'1',500.0,1.0,1.0,b'20160616',b'\x00',b'1',b'2',5.0,b'1',b'pb',0.05,b'20170616',1.7976931348623157e+308,b'',1.7976931348623157e+308,5.0
100,b'0',b'20160705',7.0,2017.0,b'20170719',b'SHFE',b'pb1707',b'20170717',b'1',b'pb1707',b'\xc7\xa61707',1.0,0.05,500.0,b'1',500.0,1.0,1.0,b'20160718',b'\x00',b'1',b'2',5.0,b'1',b'pb',0.05,b'20170718',1.7976931348623157e+308,b'',1.7976931348623157e+308,5.0
101,b'0',b'20160714',8.0,2017.0,b'20170822',b'SHFE',b'pb1708',b'20170815',b'1',b'pb1708',b'\xc7\xa61708',1.0,0.05,500.0,b'1',30.0,1.0,1.0,b'20160816',b'\x00',b'1',b'2',5.0,b'1',b'pb',0.05,b'20170816',0.0,b'',0.0,5.0
102,b'0',b'20160816',9.0,2017.0,b'20170922',b'SHFE',b'pb1709',b'20170915',b'1',b'pb1709',b'\xc7\xa61709',1.0,0.05,500.0,b'1',30.0,1.0,1.0,b'20160920',b'\x00',b'1',b'2',5.0,b'1',b'pb',0.05,b'20170918',0.0,b'',0.0,5.0
103,b'0',b'20151008',10.0,2016.0,b'20161019',b'SHFE',b'rb1610',b'20161017',b'1',b'rb1610',b'\xc2\xdd\xce\xc6\xb8\xd61610',1.0,0.06,500.0,b'1',500.0,1.0,1.0,b'20151016',b'\x00',b'1',b'2',1.0,b'1',b'rb',0.06,b'20161018',1.7976931348623157e+308,b'',1.7976931348623157e+308,10.0
104,b'0',b'20151106',11.0,2016.0,b'20161117',b'SHFE',b'rb1611',b'20161115',b'1',b'rb1611',b'\xc2\xdd\xce\xc6\xb8\xd61611',1.0,0.06,500.0,b'1',500.0,1.0,1.0,b'20151117',b'\x00',b'1',b'2',1.0,b'1',b'rb',0.06,b'20161116',1.7976931348623157e+308,b'',1.7976931348623157e+308,10.0
105,b'0',b'20151207',12.0,2016.0,b'20161219',b'SHFE',b'rb1612',b'20161215',b'1',b'rb1612',b'\xc2\xdd\xce\xc6\xb8\xd61612',1.0,0.06,500.0,b'1',500.0,1.0,1.0,b'20151216',b'\x00',b'1',b'2',1.0,b'1',b'rb',0.06,b'20161216',1.7976931348623157e+308,b'',1.7976931348623157e+308,10.0
106,b'0',b'20160105',1.0,2017.0,b'20170118',b'SHFE',b'rb1701',b'20170116',b'1',b'rb1701',b'\xc2\xdd\xce\xc6\xb8\xd61701',1.0,0.06,500.0,b'1',500.0,1.0,1.0,b'20160118',b'\x00',b'1',b'2',1.0,b'1',b'rb',0.06,b'20170117',1.7976931348623157e+308,b'',1.7976931348623157e+308,10.0
107,b'0',b'20160202',2.0,2017.0,b'20170217',b'SHFE',b'rb1702',b'20170215',b'1',b'rb1702',b'\xc2\xdd\xce\xc6\xb8\xd61702',1.0,0.06,500.0,b'1',500.0,1.0,1.0,b'20160216',b'\x00',b'1',b'2',1.0,b'1',b'rb',0.06,b'20170216',1.7976931348623157e+308,b'',1.7976931348623157e+308,10.0
108,b'0',b'20160303',3.0,2017.0,b'20170317',b'SHFE',b'rb1703',b'20170315',b'1',b'rb1703',b'\xc2\xdd\xce\xc6\xb8\xd61703',1.0,0.06,500.0,b'1',500.0,1.0,1.0,b'20160316',b'\x00',b'1',b'2',1.0,b'1',b'rb',0.06,b'20170316',1.7976931348623157e+308,b'',1.7976931348623157e+308,10.0
109,b'0',b'20160407',4.0,2017.0,b'20170419',b'SHFE',b'rb1704',b'20170417',b'1',b'rb1704',b'\xc2\xdd\xce\xc6\xb8\xd61704',1.0,0.06,500.0,b'1',500.0,1.0,1.0,b'20160418',b'\x00',b'1',b'2',1.0,b'1',b'rb',0.06,b'20170418',1.7976931348623157e+308,b'',1.7976931348623157e+308,10.0
110,b'0',b'20160506',5.0,2017.0,b'20170517',b'SHFE',b'rb1705',b'20170515',b'1',b'rb1705',b'\xc2\xdd\xce\xc6\xb8\xd61705',1.0,0.06,500.0,b'1',500.0,1.0,1.0,b'20160517',b'\x00',b'1',b'2',1.0,b'1',b'rb',0.06,b'20170516',1.7976931348623157e+308,b'',1.7976931348623157e+308,10.0
111,b'0',b'20160603',6.0,2017.0,b'20170619',b'SHFE',b'rb1706',b'20170615',b'1',b'rb1706',b'\xc2\xdd\xce\xc6\xb8\xd61706',1.0,0.06,500.0,b'1',500.0,1.0,1.0,b'20160616',b'\x00',b'1',b'2',1.0,b'1',b'rb',0.06,b'20170616',1.7976931348623157e+308,b'',1.7976931348623157e+308,10.0
112,b'0',b'20160705',7.0,2017.0,b'20170719',b'SHFE',b'rb1707',b'20170717',b'1',b'rb1707',b'\xc2\xdd\xce\xc6\xb8\xd61707',1.0,0.06,500.0,b'1',500.0,1.0,1.0,b'20160718',b'\x00',b'1',b'2',1.0,b'1',b'rb',0.06,b'20170718',1.7976931348623157e+308,b'',1.7976931348623157e+308,10.0
113,b'0',b'20160714',8.0,2017.0,b'20170822',b'SHFE',b'rb1708',b'20170815',b'1',b'rb1708',b'\xc2\xdd\xce\xc6\xb8\xd61708',1.0,0.06,500.0,b'1',30.0,1.0,1.0,b'20160816',b'\x00',b'1',b'2',1.0,b'1',b'rb',0.06,b'20170816',0.0,b'',0.0,10.0
114,b'0',b'20160816',9.0,2017.0,b'20170922',b'SHFE',b'rb1709',b'20170915',b'1',b'rb1709',b'\xc2\xdd\xce\xc6\xb8\xd61709',1.0,0.06,500.0,b'1',30.0,1.0,1.0,b'20160920',b'\x00',b'1',b'2',1.0,b'1',b'rb',0.06,b'20170918',0.0,b'',0.0,10.0
115,b'0',b'20151008',10.0,2016.0,b'20161019',b'SHFE',b'ru1610',b'20161017',b'1',b'ru1610',b'\xcc\xec\xc8\xbb\xcf\xf0\xbd\xba1610',1.0,0.08,500.0,b'1',500.0,1.0,1.0,b'20151016',b'\x00',b'1',b'2',5.0,b'1',b'ru',0.08,b'20161018',1.7976931348623157e+308,b'',1.7976931348623157e+308,10.0
116,b'0',b'20151106',11.0,2016.0,b'20161117',b'SHFE',b'ru1611',b'20161115',b'1',b'ru1611',b'\xcc\xec\xc8\xbb\xcf\xf0\xbd\xba1611',1.0,0.08,500.0,b'1',500.0,1.0,1.0,b'20151117',b'\x00',b'1',b'2',5.0,b'1',b'ru',0.08,b'20161116',1.7976931348623157e+308,b'',1.7976931348623157e+308,10.0
117,b'0',b'20160105',1.0,2017.0,b'20170118',b'SHFE',b'ru1701',b'20170116',b'1',b'ru1701',b'\xcc\xec\xc8\xbb\xcf\xf0\xbd\xba1701',1.0,0.08,500.0,b'1',500.0,1.0,1.0,b'20160118',b'\x00',b'1',b'2',5.0,b'1',b'ru',0.08,b'20170117',1.7976931348623157e+308,b'',1.7976931348623157e+308,10.0
118,b'0',b'20160303',3.0,2017.0,b'20170317',b'SHFE',b'ru1703',b'20170315',b'1',b'ru1703',b'\xcc\xec\xc8\xbb\xcf\xf0\xbd\xba1703',1.0,0.08,500.0,b'1',500.0,1.0,1.0,b'20160316',b'\x00',b'1',b'2',5.0,b'1',b'ru',0.08,b'20170316',1.7976931348623157e+308,b'',1.7976931348623157e+308,10.0
119,b'0',b'20160407',4.0,2017.0,b'20170419',b'SHFE',b'ru1704',b'20170417',b'1',b'ru1704',b'\xcc\xec\xc8\xbb\xcf\xf0\xbd\xba1704',1.0,0.08,500.0,b'1',500.0,1.0,1.0,b'20160418',b'\x00',b'1',b'2',5.0,b'1',b'ru',0.08,b'20170418',1.7976931348623157e+308,b'',1.7976931348623157e+308,10.0
120,b'0',b'20160506',5.0,2017.0,b'20170517',b'SHFE',b'ru1705',b'20170515',b'1',b'ru1705',b'\xcc\xec\xc8\xbb\xcf\xf0\xbd\xba1705',1.0,0.08,500.0,b'1',500.0,1.0,1.0,b'20160517',b'\x00',b'1',b'2',5.0,b'1',b'ru',0.08,b'20170516',1.7976931348623157e+308,b'',1.7976931348623157e+308,10.0
121,b'0',b'20160603',6.0,2017.0,b'20170619',b'SHFE',b'ru1706',b'20170615',b'1',b'ru1706',b'\xcc\xec\xc8\xbb\xcf\xf0\xbd\xba1706',1.0,0.08,500.0,b'1',500.0,1.0,1.0,b'20160616',b'\x00',b'1',b'2',5.0,b'1',b'ru',0.08,b'20170616',1.7976931348623157e+308,b'',1.7976931348623157e+308,10.0
122,b'0',b'20160705',7.0,2017.0,b'20170719',b'SHFE',b'ru1707',b'20170717',b'1',b'ru1707',b'\xcc\xec\xc8\xbb\xcf\xf0\xbd\xba1707',1.0,0.08,500.0,b'1',500.0,1.0,1.0,b'20160718',b'\x00',b'1',b'2',5.0,b'1',b'ru',0.08,b'20170718',1.7976931348623157e+308,b'',1.7976931348623157e+308,10.0
123,b'0',b'20160714',8.0,2017.0,b'20170822',b'SHFE',b'ru1708',b'20170815',b'1',b'ru1708',b'\xcc\xec\xc8\xbb\xcf\xf0\xbd\xba1708',1.0,0.08,500.0,b'1',30.0,1.0,1.0,b'20160816',b'\x00',b'1',b'2',5.0,b'1',b'ru',0.08,b'20170816',0.0,b'',0.0,10.0
124,b'0',b'20160816',9.0,2017.0,b'20170922',b'SHFE',b'ru1709',b'20170915',b'1',b'ru1709',b'\xcc\xec\xc8\xbb\xcf\xf0\xbd\xba1709',1.0,0.08,500.0,b'1',30.0,1.0,1.0,b'20160920',b'\x00',b'1',b'2',5.0,b'1',b'ru',0.08,b'20170918',0.0,b'',0.0,10.0
125,b'0',b'20151008',10.0,2016.0,b'20161019',b'SHFE',b'sn1610',b'20161017',b'1',b'sn1610',b'\xce\xfd1610',1.0,0.05,500.0,b'1',500.0,1.0,1.0,b'20151016',b'\x00',b'1',b'2',10.0,b'1',b'sn',0.05,b'20161018',1.7976931348623157e+308,b'',1.0,1.0
126,b'0',b'20151106',11.0,2016.0,b'20161117',b'SHFE',b'sn1611',b'20161115',b'1',b'sn1611',b'\xce\xfd1611',1.0,0.05,500.0,b'1',500.0,1.0,1.0,b'20151117',b'\x00',b'1',b'2',10.0,b'1',b'sn',0.05,b'20161116',1.7976931348623157e+308,b'',1.0,1.0
127,b'0',b'20151207',12.0,2016.0,b'20161219',b'SHFE',b'sn1612',b'20161215',b'1',b'sn1612',b'\xce\xfd1612',1.0,0.05,500.0,b'1',500.0,1.0,1.0,b'20151216',b'\x00',b'1',b'2',10.0,b'1',b'sn',0.05,b'20161216',1.7976931348623157e+308,b'',1.0,1.0
128,b'0',b'20160105',1.0,2017.0,b'20170118',b'SHFE',b'sn1701',b'20170116',b'1',b'sn1701',b'\xce\xfd1701',1.0,0.05,500.0,b'1',500.0,1.0,1.0,b'20160118',b'\x00',b'1',b'2',10.0,b'1',b'sn',0.05,b'20170117',1.7976931348623157e+308,b'',1.0,1.0
129,b'0',b'20160202',2.0,2017.0,b'20170217',b'SHFE',b'sn1702',b'20170215',b'1',b'sn1702',b'\xce\xfd1702',1.0,0.05,500.0,b'1',500.0,1.0,1.0,b'20160216',b'\x00',b'1',b'2',10.0,b'1',b'sn',0.05,b'20170216',1.7976931348623157e+308,b'',1.0,1.0
130,b'0',b'20160303',3.0,2017.0,b'20170317',b'SHFE',b'sn1703',b'20170315',b'1',b'sn1703',b'\xce\xfd1703',1.0,0.05,500.0,b'1',500.0,1.0,1.0,b'20160316',b'\x00',b'1',b'2',10.0,b'1',b'sn',0.05,b'20170316',1.7976931348623157e+308,b'',1.0,1.0
131,b'0',b'20160407',4.0,2017.0,b'20170419',b'SHFE',b'sn1704',b'20170417',b'1',b'sn1704',b'\xce\xfd1704',1.0,0.05,500.0,b'1',500.0,1.0,1.0,b'20160418',b'\x00',b'1',b'2',10.0,b'1',b'sn',0.05,b'20170418',1.7976931348623157e+308,b'',1.0,1.0
132,b'0',b'20160506',5.0,2017.0,b'20170517',b'SHFE',b'sn1705',b'20170515',b'1',b'sn1705',b'\xce\xfd1705',1.0,0.05,500.0,b'1',500.0,1.0,1.0,b'20160517',b'\x00',b'1',b'2',10.0,b'1',b'sn',0.05,b'20170516',1.7976931348623157e+308,b'',1.0,1.0
133,b'0',b'20160603',6.0,2017.0,b'20170619',b'SHFE',b'sn1706',b'20170615',b'1',b'sn1706',b'\xce\xfd1706',1.0,0.05,500.0,b'1',500.0,1.0,1.0,b'20160616',b'\x00',b'1',b'2',10.0,b'1',b'sn',0.05,b'20170616',1.7976931348623157e+308,b'',1.0,1.0
134,b'0',b'20160705',7.0,2017.0,b'20170719',b'SHFE',b'sn1707',b'20170717',b'1',b'sn1707',b'\xce\xfd1707',1.0,0.05,500.0,b'1',500.0,1.0,1.0,b'20160718',b'\x00',b'1',b'2',10.0,b'1',b'sn',0.05,b'20170718',1.7976931348623157e+308,b'',1.0,1.0
135,b'0',b'20160714',8.0,2017.0,b'20170822',b'SHFE',b'sn1708',b'20170815',b'1',b'sn1708',b'\xce\xfd1708',1.0,0.05,500.0,b'1',30.0,1.0,1.0,b'20160816',b'\x00',b'1',b'2',10.0,b'1',b'sn',0.05,b'20170816',0.0,b'',0.0,1.0
136,b'0',b'20160816',9.0,2017.0,b'20170922',b'SHFE',b'sn1709',b'20170915',b'1',b'sn1709',b'\xce\xfd1709',1.0,0.05,500.0,b'1',30.0,1.0,1.0,b'20160920',b'\x00',b'1',b'2',10.0,b'1',b'sn',0.05,b'20170918',0.0,b'',0.0,1.0
137,b'0',b'20151008',10.0,2016.0,b'20161019',b'SHFE',b'wr1610',b'20161017',b'1',b'wr1610',b'\xcf\xdf\xb2\xc41610',1.0,0.2,500.0,b'1',500.0,1.0,1.0,b'20151016',b'\x00',b'1',b'2',1.0,b'1',b'wr',0.2,b'20161018',1.7976931348623157e+308,b'',1.7976931348623157e+308,10.0
138,b'0',b'20151106',11.0,2016.0,b'20161117',b'SHFE',b'wr1611',b'20161115',b'1',b'wr1611',b'\xcf\xdf\xb2\xc41611',1.0,0.2,500.0,b'1',500.0,1.0,1.0,b'20151117',b'\x00',b'1',b'2',1.0,b'1',b'wr',0.2,b'20161116',1.7976931348623157e+308,b'',1.7976931348623157e+308,10.0
139,b'0',b'20151207',12.0,2016.0,b'20161219',b'SHFE',b'wr1612',b'20161215',b'1',b'wr1612',b'\xcf\xdf\xb2\xc41612',1.0,0.2,500.0,b'1',500.0,1.0,1.0,b'20151216',b'\x00',b'1',b'2',1.0,b'1',b'wr',0.2,b'20161216',1.7976931348623157e+308,b'',1.7976931348623157e+308,10.0
140,b'0',b'20160105',1.0,2017.0,b'20170118',b'SHFE',b'wr1701',b'20170116',b'1',b'wr1701',b'\xcf\xdf\xb2\xc41701',1.0,0.2,500.0,b'1',500.0,1.0,1.0,b'20160118',b'\x00',b'1',b'2',1.0,b'1',b'wr',0.2,b'20170117',1.7976931348623157e+308,b'',1.7976931348623157e+308,10.0
141,b'0',b'20160202',2.0,2017.0,b'20170217',b'SHFE',b'wr1702',b'20170215',b'1',b'wr1702',b'\xcf\xdf\xb2\xc41702',1.0,0.2,500.0,b'1',500.0,1.0,1.0,b'20160216',b'\x00',b'1',b'2',1.0,b'1',b'wr',0.2,b'20170216',1.7976931348623157e+308,b'',1.7976931348623157e+308,10.0
142,b'0',b'20160303',3.0,2017.0,b'20170317',b'SHFE',b'wr1703',b'20170315',b'1',b'wr1703',b'\xcf\xdf\xb2\xc41703',1.0,0.2,500.0,b'1',500.0,1.0,1.0,b'20160316',b'\x00',b'1',b'2',1.0,b'1',b'wr',0.2,b'20170316',1.7976931348623157e+308,b'',1.7976931348623157e+308,10.0
143,b'0',b'20160407',4.0,2017.0,b'20170419',b'SHFE',b'wr1704',b'20170417',b'1',b'wr1704',b'\xcf\xdf\xb2\xc41704',1.0,0.2,500.0,b'1',500.0,1.0,1.0,b'20160418',b'\x00',b'1',b'2',1.0,b'1',b'wr',0.2,b'20170418',0.0,b'',0.0,10.0
144,b'0',b'20160506',5.0,2017.0,b'20170517',b'SHFE',b'wr1705',b'20170515',b'1',b'wr1705',b'\xcf\xdf\xb2\xc41705',1.0,0.2,500.0,b'1',500.0,1.0,1.0,b'20160517',b'\x00',b'1',b'2',1.0,b'1',b'wr',0.2,b'20170516',1.7976931348623157e+308,b'',1.7976931348623157e+308,10.0
145,b'0',b'20160603',6.0,2017.0,b'20170619',b'SHFE',b'wr1706',b'20170615',b'1',b'wr1706',b'\xcf\xdf\xb2\xc41706',1.0,0.2,500.0,b'1',500.0,1.0,1.0,b'20160616',b'\x00',b'1',b'2',1.0,b'1',b'wr',0.2,b'20170616',1.7976931348623157e+308,b'',1.7976931348623157e+308,10.0
146,b'0',b'20160705',7.0,2017.0,b'20170719',b'SHFE',b'wr1707',b'20170717',b'1',b'wr1707',b'\xcf\xdf\xb2\xc41707',1.0,0.2,500.0,b'1',500.0,1.0,1.0,b'20160718',b'\x00',b'1',b'2',1.0,b'1',b'wr',0.2,b'20170718',1.7976931348623157e+308,b'',1.7976931348623157e+308,10.0
147,b'0',b'20160714',8.0,2017.0,b'20170822',b'SHFE',b'wr1708',b'20170815',b'1',b'wr1708',b'\xcf\xdf\xb2\xc41708',1.0,0.2,500.0,b'1',30.0,1.0,1.0,b'20160816',b'\x00',b'1',b'2',1.0,b'1',b'wr',0.2,b'20170816',0.0,b'',0.0,10.0
148,b'0',b'20160816',9.0,2017.0,b'20170922',b'SHFE',b'wr1709',b'20170915',b'1',b'wr1709',b'\xcf\xdf\xb2\xc41709',1.0,0.2,500.0,b'1',30.0,1.0,1.0,b'20160920',b'\x00',b'1',b'2',1.0,b'1',b'wr',0.2,b'20170918',0.0,b'',0.0,10.0
149,b'0',b'20151008',10.0,2016.0,b'20161019',b'SHFE',b'zn1610',b'20161017',b'1',b'zn1610',b'\xd0\xbf1610',1.0,0.06,500.0,b'1',500.0,1.0,1.0,b'20151016',b'\x00',b'1',b'2',5.0,b'1',b'zn',0.06,b'20161018',1.7976931348623157e+308,b'',1.7976931348623157e+308,5.0
150,b'0',b'20151106',11.0,2016.0,b'20161117',b'SHFE',b'zn1611',b'20161115',b'1',b'zn1611',b'\xd0\xbf1611',1.0,0.06,500.0,b'1',500.0,1.0,1.0,b'20151117',b'\x00',b'1',b'2',5.0,b'1',b'zn',0.06,b'20161116',1.7976931348623157e+308,b'',1.7976931348623157e+308,5.0
151,b'0',b'20151207',12.0,2016.0,b'20161219',b'SHFE',b'zn1612',b'20161215',b'1',b'zn1612',b'\xd0\xbf1612',1.0,0.06,500.0,b'1',500.0,1.0,1.0,b'20151216',b'\x00',b'1',b'2',5.0,b'1',b'zn',0.06,b'20161216',1.7976931348623157e+308,b'',1.7976931348623157e+308,5.0
152,b'0',b'20160105',1.0,2017.0,b'20170118',b'SHFE',b'zn1701',b'20170116',b'1',b'zn1701',b'\xd0\xbf1701',1.0,0.06,500.0,b'1',500.0,1.0,1.0,b'20160118',b'\x00',b'1',b'2',5.0,b'1',b'zn',0.06,b'20170117',1.7976931348623157e+308,b'',1.7976931348623157e+308,5.0
153,b'0',b'20160202',2.0,2017.0,b'20170217',b'SHFE',b'zn1702',b'20170215',b'1',b'zn1702',b'\xd0\xbf1702',1.0,0.06,500.0,b'1',500.0,1.0,1.0,b'20160216',b'\x00',b'1',b'2',5.0,b'1',b'zn',0.06,b'20170216',1.7976931348623157e+308,b'',1.7976931348623157e+308,5.0
154,b'0',b'20160303',3.0,2017.0,b'20170317',b'SHFE',b'zn1703',b'20170315',b'1',b'zn1703',b'\xd0\xbf1703',1.0,0.06,500.0,b'1',500.0,1.0,1.0,b'20160316',b'\x00',b'1',b'2',5.0,b'1',b'zn',0.06,b'20170316',1.7976931348623157e+308,b'',1.7976931348623157e+308,5.0
155,b'0',b'20160407',4.0,2017.0,b'20170419',b'SHFE',b'zn1704',b'20170417',b'1',b'zn1704',b'\xd0\xbf1704',1.0,0.06,500.0,b'1',500.0,1.0,1.0,b'20160418',b'\x00',b'1',b'2',5.0,b'1',b'zn',0.06,b'20170418',1.7976931348623157e+308,b'',1.7976931348623157e+308,5.0
156,b'0',b'20160506',5.0,2017.0,b'20170517',b'SHFE',b'zn1705',b'20170515',b'1',b'zn1705',b'\xd0\xbf1705',1.0,0.06,500.0,b'1',500.0,1.0,1.0,b'20160517',b'\x00',b'1',b'2',5.0,b'1',b'zn',0.06,b'20170516',1.7976931348623157e+308,b'',1.7976931348623157e+308,5.0
157,b'0',b'20160603',6.0,2017.0,b'20170619',b'SHFE',b'zn1706',b'20170615',b'1',b'zn1706',b'\xd0\xbf1706',1.0,0.06,500.0,b'1',500.0,1.0,1.0,b'20160616',b'\x00',b'1',b'2',5.0,b'1',b'zn',0.06,b'20170616',1.7976931348623157e+308,b'',1.7976931348623157e+308,5.0
158,b'0',b'20160705',7.0,2017.0,b'20170719',b'SHFE',b'zn1707',b'20170717',b'1',b'zn1707',b'\xd0\xbf1707',1.0,0.06,500.0,b'1',500.0,1.0,1.0,b'20160718',b'\x00',b'1',b'2',5.0,b'1',b'zn',0.06,b'20170718',1.7976931348623157e+308,b'',1.7976931348623157e+308,5.0
159,b'0',b'20160714',8.0,2017.0,b'20170822',b'SHFE',b'zn1708',b'20170815',b'1',b'zn1708',b'\xd0\xbf1708',1.0,0.06,500.0,b'1',30.0,1.0,1.0,b'20160816',b'\x00',b'1',b'2',5.0,b'1',b'zn',0.06,b'20170816',0.0,b'',0.0,5.0
160,b'0',b'20160816',9.0,2017.0,b'20170922',b'SHFE',b'zn1709',b'20170915',b'1',b'zn1709',b'\xd0\xbf1709',1.0,0.06,500.0,b'1',30.0,1.0,1.0,b'20160920',b'\x00',b'1',b'2',5.0,b'1',b'zn',0.06,b'20170918',0.0,b'',0.0,5.0
161,b'0',b'20151008',10.0,2016.0,b'20161019',b'SHFE',b'ag1610',b'20161017',b'1',b'ag1610',b'\xb0\xd7\xd2\xf81610',1.0,0.08,500.0,b'1',500.0,1.0,1.0,b'20151016',b'\x00',b'1',b'2',1.0,b'1',b'ag',0.08,b'20161018',1.7976931348623157e+308,b'',1.7976931348623157e+308,15.0
162,b'0',b'20151106',11.0,2016.0,b'20161117',b'SHFE',b'ag1611',b'20161115',b'1',b'ag1611',b'\xb0\xd7\xd2\xf81611',1.0,0.08,500.0,b'1',500.0,1.0,1.0,b'20151117',b'\x00',b'1',b'2',1.0,b'1',b'ag',0.08,b'20161116',1.7976931348623157e+308,b'',1.7976931348623157e+308,15.0
163,b'0',b'20151207',12.0,2016.0,b'20161219',b'SHFE',b'ag1612',b'20161215',b'1',b'ag1612',b'\xb0\xd7\xd2\xf81612',1.0,0.08,500.0,b'1',500.0,1.0,1.0,b'20151216',b'\x00',b'1',b'2',1.0,b'1',b'ag',0.08,b'20161216',1.7976931348623157e+308,b'',1.7976931348623157e+308,15.0
164,b'0',b'20160105',1.0,2017.0,b'20170118',b'SHFE',b'ag1701',b'20170116',b'1',b'ag1701',b'\xb0\xd7\xd2\xf81701',1.0,0.08,500.0,b'1',500.0,1.0,1.0,b'20160118',b'\x00',b'1',b'2',1.0,b'1',b'ag',0.08,b'20170117',1.7976931348623157e+308,b'',1.7976931348623157e+308,15.0
165,b'0',b'20160202',2.0,2017.0,b'20170217',b'SHFE',b'ag1702',b'20170215',b'1',b'ag1702',b'\xb0\xd7\xd2\xf81702',1.0,0.08,500.0,b'1',500.0,1.0,1.0,b'20160216',b'\x00',b'1',b'2',1.0,b'1',b'ag',0.08,b'20170216',1.7976931348623157e+308,b'',1.7976931348623157e+308,15.0
166,b'0',b'20160303',3.0,2017.0,b'20170317',b'SHFE',b'ag1703',b'20170315',b'1',b'ag1703',b'\xb0\xd7\xd2\xf81703',1.0,0.08,500.0,b'1',500.0,1.0,1.0,b'20160316',b'\x00',b'1',b'2',1.0,b'1',b'ag',0.08,b'20170316',1.7976931348623157e+308,b'',1.7976931348623157e+308,15.0
167,b'0',b'20160407',4.0,2017.0,b'20170419',b'SHFE',b'ag1704',b'20170417',b'1',b'ag1704',b'\xb0\xd7\xd2\xf81704',1.0,0.08,500.0,b'1',500.0,1.0,1.0,b'20160418',b'\x00',b'1',b'2',1.0,b'1',b'ag',0.08,b'20170418',1.7976931348623157e+308,b'',1.7976931348623157e+308,15.0
168,b'0',b'20160506',5.0,2017.0,b'20170517',b'SHFE',b'ag1705',b'20170515',b'1',b'ag1705',b'\xb0\xd7\xd2\xf81705',1.0,0.08,500.0,b'1',500.0,1.0,1.0,b'20160517',b'\x00',b'1',b'2',1.0,b'1',b'ag',0.08,b'20170516',1.7976931348623157e+308,b'',1.7976931348623157e+308,15.0
169,b'0',b'20160603',6.0,2017.0,b'20170619',b'SHFE',b'ag1706',b'20170615',b'1',b'ag1706',b'\xb0\xd7\xd2\xf81706',1.0,0.08,500.0,b'1',500.0,1.0,1.0,b'20160616',b'\x00',b'1',b'2',1.0,b'1',b'ag',0.08,b'20170616',1.7976931348623157e+308,b'',1.7976931348623157e+308,15.0
170,b'0',b'20160705',7.0,2017.0,b'20170719',b'SHFE',b'ag1707',b'20170717',b'1',b'ag1707',b'\xb0\xd7\xd2\xf81707',1.0,0.08,500.0,b'1',500.0,1.0,1.0,b'20160718',b'\x00',b'1',b'2',1.0,b'1',b'ag',0.08,b'20170718',1.7976931348623157e+308,b'',1.7976931348623157e+308,15.0
171,b'0',b'20160714',8.0,2017.0,b'20170822',b'SHFE',b'ag1708',b'20170815',b'1',b'ag1708',b'\xb0\xd7\xd2\xf81708',1.0,0.08,500.0,b'1',30.0,1.0,1.0,b'20160816',b'\x00',b'1',b'2',1.0,b'1',b'ag',0.08,b'20170816',0.0,b'',0.0,15.0
172,b'0',b'20160816',9.0,2017.0,b'20170922',b'SHFE',b'ag1709',b'20170915',b'1',b'ag1709',b'\xb0\xd7\xd2\xf81709',1.0,0.08,500.0,b'1',30.0,1.0,1.0,b'20160920',b'\x00',b'1',b'2',1.0,b'1',b'ag',0.08,b'20170918',0.0,b'',0.0,15.0
173,b'0',b'20151008',10.0,2016.0,b'20161019',b'SHFE',b'al1610',b'20161017',b'1',b'al1610',b'\xc2\xc11610',1.0,0.05,500.0,b'1',500.0,1.0,1.0,b'20151016',b'\x00',b'1',b'2',5.0,b'1',b'al',0.05,b'20161018',1.7976931348623157e+308,b'',1.7976931348623157e+308,5.0
174,b'0',b'20151106',11.0,2016.0,b'20161117',b'SHFE',b'al1611',b'20161115',b'1',b'al1611',b'\xc2\xc11611',1.0,0.05,500.0,b'1',500.0,1.0,1.0,b'20151117',b'\x00',b'1',b'2',5.0,b'1',b'al',0.05,b'20161116',1.7976931348623157e+308,b'',1.7976931348623157e+308,5.0
175,b'0',b'20151207',12.0,2016.0,b'20161219',b'SHFE',b'al1612',b'20161215',b'1',b'al1612',b'\xc2\xc11612',1.0,0.05,500.0,b'1',500.0,1.0,1.0,b'20151216',b'\x00',b'1',b'2',5.0,b'1',b'al',0.05,b'20161216',1.7976931348623157e+308,b'',1.7976931348623157e+308,5.0
176,b'0',b'20160105',1.0,2017.0,b'20170118',b'SHFE',b'al1701',b'20170116',b'1',b'al1701',b'\xc2\xc11701',1.0,0.05,500.0,b'1',500.0,1.0,1.0,b'20160118',b'\x00',b'1',b'2',5.0,b'1',b'al',0.05,b'20170117',1.7976931348623157e+308,b'',1.7976931348623157e+308,5.0
177,b'0',b'20160202',2.0,2017.0,b'20170217',b'SHFE',b'al1702',b'20170215',b'1',b'al1702',b'\xc2\xc11702',1.0,0.05,500.0,b'1',500.0,1.0,1.0,b'20160216',b'\x00',b'1',b'2',5.0,b'1',b'al',0.05,b'20170216',1.7976931348623157e+308,b'',1.7976931348623157e+308,5.0
178,b'0',b'20160303',3.0,2017.0,b'20170317',b'SHFE',b'al1703',b'20170315',b'1',b'al1703',b'\xc2\xc11703',1.0,0.05,500.0,b'1',500.0,1.0,1.0,b'20160316',b'\x00',b'1',b'2',5.0,b'1',b'al',0.05,b'20170316',1.7976931348623157e+308,b'',1.7976931348623157e+308,5.0
179,b'0',b'20160407',4.0,2017.0,b'20170419',b'SHFE',b'al1704',b'20170417',b'1',b'al1704',b'\xc2\xc11704',1.0,0.05,500.0,b'1',500.0,1.0,1.0,b'20160418',b'\x00',b'1',b'2',5.0,b'1',b'al',0.05,b'20170418',1.7976931348623157e+308,b'',1.7976931348623157e+308,5.0
180,b'0',b'20160506',5.0,2017.0,b'20170517',b'SHFE',b'al1705',b'20170515',b'1',b'al1705',b'\xc2\xc11705',1.0,0.05,500.0,b'1',500.0,1.0,1.0,b'20160517',b'\x00',b'1',b'2',5.0,b'1',b'al',0.05,b'20170516',1.7976931348623157e+308,b'',1.7976931348623157e+308,5.0
181,b'0',b'20160603',6.0,2017.0,b'20170619',b'SHFE',b'al1706',b'20170615',b'1',b'al1706',b'\xc2\xc11706',1.0,0.05,500.0,b'1',500.0,1.0,1.0,b'20160616',b'\x00',b'1',b'2',5.0,b'1',b'al',0.05,b'20170616',1.7976931348623157e+308,b'',1.7976931348623157e+308,5.0
182,b'0',b'20160705',7.0,2017.0,b'20170719',b'SHFE',b'al1707',b'20170717',b'1',b'al1707',b'\xc2\xc11707',1.0,0.05,500.0,b'1',500.0,1.0,1.0,b'20160718',b'\x00',b'1',b'2',5.0,b'1',b'al',0.05,b'20170718',1.7976931348623157e+308,b'',1.7976931348623157e+308,5.0
183,b'0',b'20160714',8.0,2017.0,b'20170822',b'SHFE',b'al1708',b'20170815',b'1',b'al1708',b'\xc2\xc11708',1.0,0.05,500.0,b'1',30.0,1.0,1.0,b'20160816',b'\x00',b'1',b'2',5.0,b'1',b'al',0.05,b'20170816',0.0,b'',0.0,5.0
184,b'0',b'20160816',9.0,2017.0,b'20170922',b'SHFE',b'al1709',b'20170915',b'1',b'al1709',b'\xc2\xc11709',1.0,0.05,500.0,b'1',30.0,1.0,1.0,b'20160920',b'\x00',b'1',b'2',5.0,b'1',b'al',0.05,b'20170918',0.0,b'',0.0,5.0
185,b'0',b'20150902',10.0,2016.0,b'20161019',b'SHFE',b'au1610',b'20161017',b'1',b'au1610',b'\xbb\xc6\xbd\xf01610',1.0,0.06,500.0,b'1',500.0,1.0,1.0,b'20150916',b'\x00',b'1',b'2',0.05,b'1',b'au',0.06,b'20161018',1.7976931348623157e+308,b'',1.7976931348623157e+308,1000.0
186,b'0',b'20160714',11.0,2016.0,b'20161122',b'SHFE',b'au1611',b'20161115',b'1',b'au1611',b'\xbb\xc6\xbd\xf01611',1.0,0.06,500.0,b'1',30.0,1.0,1.0,b'20160816',b'\x00',b'1',b'2',0.05,b'1',b'au',0.06,b'20161116',0.0,b'',0.0,1000.0
187,b'0',b'20151106',12.0,2016.0,b'20161219',b'SHFE',b'au1612',b'20161215',b'1',b'au1612',b'\xbb\xc6\xbd\xf01612',1.0,0.06,500.0,b'1',500.0,1.0,1.0,b'20151117',b'\x00',b'1',b'2',0.05,b'1',b'au',0.06,b'20161216',1.7976931348623157e+308,b'',1.7976931348623157e+308,1000.0
188,b'0',b'20160105',2.0,2017.0,b'20170220',b'SHFE',b'au1702',b'20170215',b'1',b'au1702',b'\xbb\xc6\xbd\xf01702',1.0,0.06,500.0,b'1',500.0,1.0,1.0,b'20160118',b'\x00',b'1',b'2',0.05,b'1',b'au',0.06,b'20170216',1.7976931348623157e+308,b'',1.7976931348623157e+308,1000.0
189,b'0',b'20160303',4.0,2017.0,b'20170419',b'SHFE',b'au1704',b'20170417',b'1',b'au1704',b'\xbb\xc6\xbd\xf01704',1.0,0.06,500.0,b'1',500.0,1.0,1.0,b'20160316',b'\x00',b'1',b'2',0.05,b'1',b'au',0.06,b'20170418',1.7976931348623157e+308,b'',1.7976931348623157e+308,1000.0
190,b'0',b'20160506',6.0,2017.0,b'20170619',b'SHFE',b'au1706',b'20170615',b'1',b'au1706',b'\xbb\xc6\xbd\xf01706',1.0,0.06,500.0,b'1',500.0,1.0,1.0,b'20160517',b'\x00',b'1',b'2',0.05,b'1',b'au',0.06,b'20170616',1.7976931348623157e+308,b'',1.7976931348623157e+308,1000.0
191,b'0',b'20160705',8.0,2017.0,b'20170817',b'SHFE',b'au1708',b'20170815',b'1',b'au1708',b'\xbb\xc6\xbd\xf01708',1.0,0.06,500.0,b'1',500.0,1.0,1.0,b'20160718',b'\x00',b'1',b'2',0.05,b'1',b'au',0.06,b'20170816',1.7976931348623157e+308,b'',1.7976931348623157e+308,1000.0
192,b'0',b'20160816',10.0,2017.0,b'20171023',b'SHFE',b'au1710',b'20171016',b'1',b'au1710',b'\xbb\xc6\xbd\xf01710',1.0,0.06,500.0,b'1',30.0,1.0,1.0,b'20160920',b'\x00',b'1',b'2',0.05,b'1',b'au',0.06,b'20171017',0.0,b'',0.0,1000.0
193,b'0',b'20160407',10.0,2016.0,b'20161019',b'SHFE',b'bu1610',b'20161017',b'1',b'bu1610',b'\xc1\xa4\xc7\xe01610',1.0,0.06999999999999999,500.0,b'1',500.0,1.0,1.0,b'20160418',b'\x00',b'1',b'2',2.0,b'1',b'bu',0.06999999999999999,b'20161018',1.7976931348623157e+308,b'',1.7976931348623157e+308,10.0
194,b'0',b'20160506',11.0,2016.0,b'20161117',b'SHFE',b'bu1611',b'20161115',b'1',b'bu1611',b'\xc1\xa4\xc7\xe01611',1.0,0.06999999999999999,500.0,b'1',500.0,1.0,1.0,b'20160517',b'\x00',b'1',b'2',2.0,b'1',b'bu',0.06999999999999999,b'20161116',1.7976931348623157e+308,b'',1.7976931348623157e+308,10.0
195,b'0',b'20141203',12.0,2016.0,b'20161216',b'SHFE',b'bu1612',b'20161215',b'1',b'bu1612',b'\xc1\xa4\xc7\xe01612',1.0,0.06999999999999999,500.0,b'1',500.0,1.0,1.0,b'20141216',b'\x00',b'1',b'2',2.0,b'1',b'bu',0.06999999999999999,b'20161215',1.7976931348623157e+308,b'',1.0,10.0
196,b'0',b'20160705',1.0,2017.0,b'20170118',b'SHFE',b'bu1701',b'20170116',b'1',b'bu1701',b'\xc1\xa4\xc7\xe01701',1.0,0.06999999999999999,500.0,b'1',500.0,1.0,1.0,b'20160718',b'\x00',b'1',b'2',2.0,b'1',b'bu',0.06999999999999999,b'20170117',1.7976931348623157e+308,b'',1.7976931348623157e+308,10.0
197,b'0',b'20160714',2.0,2017.0,b'20170222',b'SHFE',b'bu1702',b'20170215',b'1',b'bu1702',b'\xc1\xa4\xc7\xe01702',1.0,0.06999999999999999,500.0,b'1',30.0,1.0,1.0,b'20160816',b'\x00',b'1',b'2',2.0,b'1',b'bu',0.06999999999999999,b'20170216',0.0,b'',0.0,10.0
198,b'0',b'20150305',3.0,2017.0,b'20170316',b'SHFE',b'bu1703',b'20170315',b'1',b'bu1703',b'\xc1\xa4\xc7\xe01703',1.0,0.06999999999999999,500.0,b'1',500.0,1.0,1.0,b'20150317',b'\x00',b'1',b'2',2.0,b'1',b'bu',0.06999999999999999,b'20170315',1.7976931348623157e+308,b'',1.7976931348623157e+308,10.0
199,b'0',b'20150605',6.0,2017.0,b'20170619',b'SHFE',b'bu1706',b'20170615',b'1',b'bu1706',b'\xc1\xa4\xc7\xe01706',1.0,0.06999999999999999,500.0,b'1',500.0,1.0,1.0,b'20150616',b'\x00',b'1',b'2',2.0,b'1',b'bu',0.06999999999999999,b'20170616',0.0,b'',0.0,10.0
200,b'0',b'20150902',9.0,2017.0,b'20170919',b'SHFE',b'bu1709',b'20170915',b'1',b'bu1709',b'\xc1\xa4\xc7\xe01709',1.0,0.06999999999999999,500.0,b'1',500.0,1.0,1.0,b'20150916',b'\x00',b'1',b'2',2.0,b'1',b'bu',0.06999999999999999,b'20170918',1.7976931348623157e+308,b'',1.7976931348623157e+308,10.0
201,b'0',b'20151207',12.0,2017.0,b'20171219',b'SHFE',b'bu1712',b'20171215',b'1',b'bu1712',b'\xc1\xa4\xc7\xe01712',1.0,0.06999999999999999,500.0,b'1',500.0,1.0,1.0,b'20151216',b'\x00',b'1',b'2',2.0,b'1',b'bu',0.06999999999999999,b'20171218',1.7976931348623157e+308,b'',1.7976931348623157e+308,10.0
202,b'0',b'20160303',3.0,2018.0,b'20180319',b'SHFE',b'bu1803',b'20180315',b'1',b'bu1803',b'\xc1\xa4\xc7\xe01803',1.0,0.06999999999999999,500.0,b'1',500.0,1.0,1.0,b'20160316',b'\x00',b'1',b'2',2.0,b'1',b'bu',0.06999999999999999,b'20180316',1.7976931348623157e+308,b'',1.7976931348623157e+308,10.0
203,b'0',b'20160603',6.0,2018.0,b'20180619',b'SHFE',b'bu1806',b'20180615',b'1',b'bu1806',b'\xc1\xa4\xc7\xe01806',1.0,0.06999999999999999,500.0,b'1',500.0,1.0,1.0,b'20160616',b'\x00',b'1',b'2',2.0,b'1',b'bu',0.06999999999999999,b'20180618',1.7976931348623157e+308,b'',1.7976931348623157e+308,10.0
204,b'0',b'20160816',9.0,2018.0,b'20180924',b'SHFE',b'bu1809',b'20180917',b'1',b'bu1809',b'\xc1\xa4\xc7\xe01809',1.0,0.06999999999999999,500.0,b'1',30.0,1.0,1.0,b'20160920',b'\x00',b'1',b'2',2.0,b'1',b'bu',0.06999999999999999,b'20180918',0.0,b'',0.0,10.0
205,b'0',b'20151008',10.0,2016.0,b'20161019',b'SHFE',b'cu1610',b'20161017',b'1',b'cu1610',b'\xcd\xad1610',1.0,0.08,500.0,b'1',500.0,1.0,1.0,b'20151016',b'\x00',b'1',b'2',10.0,b'1',b'cu',0.08,b'20161018',1.7976931348623157e+308,b'',1.7976931348623157e+308,5.0
206,b'0',b'20151106',11.0,2016.0,b'20161117',b'SHFE',b'cu1611',b'20161115',b'1',b'cu1611',b'\xcd\xad1611',1.0,0.08,500.0,b'1',500.0,1.0,1.0,b'20151117',b'\x00',b'1',b'2',10.0,b'1',b'cu',0.08,b'20161116',1.7976931348623157e+308,b'',1.7976931348623157e+308,5.0
207,b'0',b'20151207',12.0,2016.0,b'20161219',b'SHFE',b'cu1612',b'20161215',b'1',b'cu1612',b'\xcd\xad1612',1.0,0.08,500.0,b'1',500.0,1.0,1.0,b'20151216',b'\x00',b'1',b'2',10.0,b'1',b'cu',0.08,b'20161216',1.7976931348623157e+308,b'',1.7976931348623157e+308,5.0
208,b'0',b'20160105',1.0,2017.0,b'20170118',b'SHFE',b'cu1701',b'20170116',b'1',b'cu1701',b'\xcd\xad1701',1.0,0.08,500.0,b'1',500.0,1.0,1.0,b'20160118',b'\x00',b'1',b'2',10.0,b'1',b'cu',0.08,b'20170117',1.7976931348623157e+308,b'',1.7976931348623157e+308,5.0
209,b'0',b'20160202',2.0,2017.0,b'20170217',b'SHFE',b'cu1702',b'20170215',b'1',b'cu1702',b'\xcd\xad1702',1.0,0.08,500.0,b'1',500.0,1.0,1.0,b'20160216',b'\x00',b'1',b'2',10.0,b'1',b'cu',0.08,b'20170216',1.7976931348623157e+308,b'',1.7976931348623157e+308,5.0
210,b'0',b'20160303',3.0,2017.0,b'20170317',b'SHFE',b'cu1703',b'20170315',b'1',b'cu1703',b'\xcd\xad1703',1.0,0.08,500.0,b'1',500.0,1.0,1.0,b'20160316',b'\x00',b'1',b'2',10.0,b'1',b'cu',0.08,b'20170316',1.7976931348623157e+308,b'',1.7976931348623157e+308,5.0
211,b'0',b'20160407',4.0,2017.0,b'20170419',b'SHFE',b'cu1704',b'20170417',b'1',b'cu1704',b'\xcd\xad1704',1.0,0.08,500.0,b'1',500.0,1.0,1.0,b'20160418',b'\x00',b'1',b'2',10.0,b'1',b'cu',0.08,b'20170418',1.7976931348623157e+308,b'',1.7976931348623157e+308,5.0
212,b'0',b'20160506',5.0,2017.0,b'20170517',b'SHFE',b'cu1705',b'20170515',b'1',b'cu1705',b'\xcd\xad1705',1.0,0.08,500.0,b'1',500.0,1.0,1.0,b'20160517',b'\x00',b'1',b'2',10.0,b'1',b'cu',0.08,b'20170516',1.7976931348623157e+308,b'',1.7976931348623157e+308,5.0
213,b'0',b'20160603',6.0,2017.0,b'20170619',b'SHFE',b'cu1706',b'20170615',b'1',b'cu1706',b'\xcd\xad1706',1.0,0.08,500.0,b'1',500.0,1.0,1.0,b'20160616',b'\x00',b'1',b'2',10.0,b'1',b'cu',0.08,b'20170616',1.7976931348623157e+308,b'',1.7976931348623157e+308,5.0
214,b'0',b'20160705',7.0,2017.0,b'20170719',b'SHFE',b'cu1707',b'20170717',b'1',b'cu1707',b'\xcd\xad1707',1.0,0.08,500.0,b'1',500.0,1.0,1.0,b'20160718',b'\x00',b'1',b'2',10.0,b'1',b'cu',0.08,b'20170718',1.7976931348623157e+308,b'',1.7976931348623157e+308,5.0
215,b'0',b'20160714',8.0,2017.0,b'20170822',b'SHFE',b'cu1708',b'20170815',b'1',b'cu1708',b'\xcd\xad1708',1.0,0.08,500.0,b'1',30.0,1.0,1.0,b'20160816',b'\x00',b'1',b'2',10.0,b'1',b'cu',0.08,b'20170816',0.0,b'',0.0,5.0
216,b'0',b'20160816',9.0,2017.0,b'20170922',b'SHFE',b'cu1709',b'20170915',b'1',b'cu1709',b'\xcd\xad1709',1.0,0.08,500.0,b'1',30.0,1.0,1.0,b'20160920',b'\x00',b'1',b'2',10.0,b'1',b'cu',0.08,b'20170918',0.0,b'',0.0,5.0
217,b'0',b'20151008',11.0,2016.0,b'20161102',b'SHFE',b'fu1611',b'20161031',b'1',b'fu1611',b'\xc8\xbc\xc1\xcf\xd3\xcd1611',1.0,0.2,500.0,b'1',500.0,1.0,1.0,b'20151102',b'\x00',b'1',b'2',1.0,b'1',b'fu',0.2,b'20161101',1.7976931348623157e+308,b'',1.7976931348623157e+308,50.0
218,b'0',b'20151106',12.0,2016.0,b'20161202',b'SHFE',b'fu1612',b'20161130',b'1',b'fu1612',b'\xc8\xbc\xc1\xcf\xd3\xcd1612',1.0,0.2,500.0,b'1',500.0,1.0,1.0,b'20151201',b'\x00',b'1',b'2',1.0,b'1',b'fu',0.2,b'20161201',1.7976931348623157e+308,b'',1.7976931348623157e+308,50.0
219,b'0',b'20160105',2.0,2017.0,b'20170202',b'SHFE',b'fu1702',b'20170131',b'1',b'fu1702',b'\xc8\xbc\xc1\xcf\xd3\xcd1702',1.0,0.2,500.0,b'1',500.0,1.0,1.0,b'20160201',b'\x00',b'1',b'2',1.0,b'1',b'fu',0.2,b'20170201',1.7976931348623157e+308,b'',1.7976931348623157e+308,50.0
220,b'0',b'20160202',3.0,2017.0,b'20170302',b'SHFE',b'fu1703',b'20170228',b'1',b'fu1703',b'\xc8\xbc\xc1\xcf\xd3\xcd1703',1.0,0.2,500.0,b'1',500.0,1.0,1.0,b'20160301',b'\x00',b'1',b'2',1.0,b'1',b'fu',0.2,b'20170301',1.7976931348623157e+308,b'',1.7976931348623157e+308,50.0
221,b'0',b'20160303',4.0,2017.0,b'20170404',b'SHFE',b'fu1704',b'20170331',b'1',b'fu1704',b'\xc8\xbc\xc1\xcf\xd3\xcd1704',1.0,0.2,500.0,b'1',500.0,1.0,1.0,b'20160401',b'\x00',b'1',b'2',1.0,b'1',b'fu',0.2,b'20170403',0.0,b'',0.0,50.0
222,b'0',b'20160407',5.0,2017.0,b'20170504',b'SHFE',b'fu1705',b'20170428',b'1',b'fu1705',b'\xc8\xbc\xc1\xcf\xd3\xcd1705',1.0,0.2,500.0,b'1',500.0,1.0,1.0,b'20160503',b'\x00',b'1',b'2',1.0,b'1',b'fu',0.2,b'20170503',1.7976931348623157e+308,b'',1.7976931348623157e+308,50.0
223,b'0',b'20160506',6.0,2017.0,b'20170602',b'SHFE',b'fu1706',b'20170531',b'1',b'fu1706',b'\xc8\xbc\xc1\xcf\xd3\xcd1706',1.0,0.2,500.0,b'1',500.0,1.0,1.0,b'20160601',b'\x00',b'1',b'2',1.0,b'1',b'fu',0.2,b'20170601',1.7976931348623157e+308,b'',1.7976931348623157e+308,50.0
224,b'0',b'20160603',7.0,2017.0,b'20170704',b'SHFE',b'fu1707',b'20170630',b'1',b'fu1707',b'\xc8\xbc\xc1\xcf\xd3\xcd1707',1.0,0.2,500.0,b'1',500.0,1.0,1.0,b'20160701',b'\x00',b'1',b'2',1.0,b'1',b'fu',0.2,b'20170703',1.7976931348623157e+308,b'',1.7976931348623157e+308,50.0
225,b'0',b'20160705',8.0,2017.0,b'20170802',b'SHFE',b'fu1708',b'20170731',b'1',b'fu1708',b'\xc8\xbc\xc1\xcf\xd3\xcd1708',1.0,0.2,500.0,b'1',500.0,1.0,1.0,b'20160801',b'\x00',b'1',b'2',1.0,b'1',b'fu',0.2,b'20170801',1.7976931348623157e+308,b'',1.7976931348623157e+308,50.0
226,b'0',b'20160801',9.0,2017.0,b'20170907',b'SHFE',b'fu1709',b'20170831',b'1',b'fu1709',b'\xc8\xbc\xc1\xcf\xd3\xcd1709',1.0,0.2,500.0,b'1',30.0,1.0,1.0,b'20160901',b'\x00',b'1',b'2',1.0,b'1',b'fu',0.2,b'20170901',0.0,b'',0.0,50.0
227,b'0',b'20160901',10.0,2017.0,b'20171013',b'SHFE',b'fu1710',b'20170929',b'1',b'fu1710',b'\xc8\xbc\xc1\xcf\xd3\xcd1710',1.0,0.2,500.0,b'1',30.0,1.0,1.0,b'20161010',b'\x00',b'1',b'2',1.0,b'1',b'fu',0.2,b'20171009',0.0,b'',0.0,50.0
228,b'0',b'20151008',10.0,2016.0,b'20161019',b'SHFE',b'hc1610',b'20161017',b'1',b'hc1610',b'\xc8\xc8\xd4\xfe\xb0\xe51610',1.0,0.06,500.0,b'1',500.0,1.0,1.0,b'20151016',b'\x00',b'1',b'2',1.0,b'1',b'hc',0.06,b'20161018',1.7976931348623157e+308,b'',1.0,10.0
229,b'0',b'20151106',11.0,2016.0,b'20161117',b'SHFE',b'hc1611',b'20161115',b'1',b'hc1611',b'\xc8\xc8\xd4\xfe\xb0\xe51611',1.0,0.06,500.0,b'1',500.0,1.0,1.0,b'20151117',b'\x00',b'1',b'2',1.0,b'1',b'hc',0.06,b'20161116',1.7976931348623157e+308,b'',1.0,10.0
230,b'0',b'20151207',12.0,2016.0,b'20161219',b'SHFE',b'hc1612',b'20161215',b'1',b'hc1612',b'\xc8\xc8\xd4\xfe\xb0\xe51612',1.0,0.06,500.0,b'1',500.0,1.0,1.0,b'20151216',b'\x00',b'1',b'2',1.0,b'1',b'hc',0.06,b'20161216',1.7976931348623157e+308,b'',1.0,10.0
231,b'0',b'20160105',1.0,2017.0,b'20170118',b'SHFE',b'hc1701',b'20170116',b'1',b'hc1701',b'\xc8\xc8\xd4\xfe\xb0\xe51701',1.0,0.06,500.0,b'1',500.0,1.0,1.0,b'20160118',b'\x00',b'1',b'2',1.0,b'1',b'hc',0.06,b'20170117',1.7976931348623157e+308,b'',1.0,10.0
232,b'0',b'20160202',2.0,2017.0,b'20170217',b'SHFE',b'hc1702',b'20170215',b'1',b'hc1702',b'\xc8\xc8\xd4\xfe\xb0\xe51702',1.0,0.06,500.0,b'1',500.0,1.0,1.0,b'20160216',b'\x00',b'1',b'2',1.0,b'1',b'hc',0.06,b'20170216',1.7976931348623157e+308,b'',1.0,10.0
233,b'0',b'20160303',3.0,2017.0,b'20170317',b'SHFE',b'hc1703',b'20170315',b'1',b'hc1703',b'\xc8\xc8\xd4\xfe\xb0\xe51703',1.0,0.06,500.0,b'1',500.0,1.0,1.0,b'20160316',b'\x00',b'1',b'2',1.0,b'1',b'hc',0.06,b'20170316',1.7976931348623157e+308,b'',1.0,10.0
234,b'0',b'20160407',4.0,2017.0,b'20170419',b'SHFE',b'hc1704',b'20170417',b'1',b'hc1704',b'\xc8\xc8\xd4\xfe\xb0\xe51704',1.0,0.06,500.0,b'1',500.0,1.0,1.0,b'20160418',b'\x00',b'1',b'2',1.0,b'1',b'hc',0.06,b'20170418',1.7976931348623157e+308,b'',1.0,10.0
235,b'0',b'20160506',5.0,2017.0,b'20170517',b'SHFE',b'hc1705',b'20170515',b'1',b'hc1705',b'\xc8\xc8\xd4\xfe\xb0\xe51705',1.0,0.06,500.0,b'1',500.0,1.0,1.0,b'20160517',b'\x00',b'1',b'2',1.0,b'1',b'hc',0.06,b'20170516',1.7976931348623157e+308,b'',1.0,10.0
236,b'0',b'20160603',6.0,2017.0,b'20170619',b'SHFE',b'hc1706',b'20170615',b'1',b'hc1706',b'\xc8\xc8\xd4\xfe\xb0\xe51706',1.0,0.06,500.0,b'1',500.0,1.0,1.0,b'20160616',b'\x00',b'1',b'2',1.0,b'1',b'hc',0.06,b'20170616',1.7976931348623157e+308,b'',1.0,10.0
237,b'0',b'20160705',7.0,2017.0,b'20170719',b'SHFE',b'hc1707',b'20170717',b'1',b'hc1707',b'\xc8\xc8\xd4\xfe\xb0\xe51707',1.0,0.06,500.0,b'1',500.0,1.0,1.0,b'20160718',b'\x00',b'1',b'2',1.0,b'1',b'hc',0.06,b'20170718',1.7976931348623157e+308,b'',1.0,10.0
238,b'0',b'20160714',8.0,2017.0,b'20170822',b'SHFE',b'hc1708',b'20170815',b'1',b'hc1708',b'\xc8\xc8\xd4\xfe\xb0\xe51708',1.0,0.06,500.0,b'1',30.0,1.0,1.0,b'20160816',b'\x00',b'1',b'2',1.0,b'1',b'hc',0.06,b'20170816',0.0,b'',0.0,10.0
239,b'0',b'20160816',9.0,2017.0,b'20170922',b'SHFE',b'hc1709',b'20170915',b'1',b'hc1709',b'\xc8\xc8\xd4\xfe\xb0\xe51709',1.0,0.06,500.0,b'1',30.0,1.0,1.0,b'20160920',b'\x00',b'1',b'2',1.0,b'1',b'hc',0.06,b'20170918',0.0,b'',0.0,10.0
240,b'0',b'20151008',10.0,2016.0,b'20161019',b'SHFE',b'ni1610',b'20161017',b'1',b'ni1610',b'\xc4\xf81610',1.0,0.06999999999999999,500.0,b'1',500.0,1.0,1.0,b'20151016',b'\x00',b'1',b'2',10.0,b'1',b'ni',0.06999999999999999,b'20161018',1.7976931348623157e+308,b'',1.0,1.0
241,b'0',b'20151106',11.0,2016.0,b'20161117',b'SHFE',b'ni1611',b'20161115',b'1',b'ni1611',b'\xc4\xf81611',1.0,0.06999999999999999,500.0,b'1',500.0,1.0,1.0,b'20151117',b'\x00',b'1',b'2',10.0,b'1',b'ni',0.06999999999999999,b'20161116',1.7976931348623157e+308,b'',1.0,1.0
242,b'0',b'20151207',12.0,2016.0,b'20161219',b'SHFE',b'ni1612',b'20161215',b'1',b'ni1612',b'\xc4\xf81612',1.0,0.06999999999999999,500.0,b'1',500.0,1.0,1.0,b'20151216',b'\x00',b'1',b'2',10.0,b'1',b'ni',0.06999999999999999,b'20161216',1.7976931348623157e+308,b'',1.0,1.0
243,b'0',b'20160105',1.0,2017.0,b'20170118',b'SHFE',b'ni1701',b'20170116',b'1',b'ni1701',b'\xc4\xf81701',1.0,0.06999999999999999,500.0,b'1',500.0,1.0,1.0,b'20160118',b'\x00',b'1',b'2',10.0,b'1',b'ni',0.06999999999999999,b'20170117',1.7976931348623157e+308,b'',1.0,1.0
244,b'0',b'20160202',2.0,2017.0,b'20170217',b'SHFE',b'ni1702',b'20170215',b'1',b'ni1702',b'\xc4\xf81702',1.0,0.06999999999999999,500.0,b'1',500.0,1.0,1.0,b'20160216',b'\x00',b'1',b'2',10.0,b'1',b'ni',0.06999999999999999,b'20170216',1.7976931348623157e+308,b'',1.0,1.0
245,b'0',b'20160303',3.0,2017.0,b'20170317',b'SHFE',b'ni1703',b'20170315',b'1',b'ni1703',b'\xc4\xf81703',1.0,0.06999999999999999,500.0,b'1',500.0,1.0,1.0,b'20160316',b'\x00',b'1',b'2',10.0,b'1',b'ni',0.06999999999999999,b'20170316',1.7976931348623157e+308,b'',1.0,1.0
246,b'0',b'20160407',4.0,2017.0,b'20170419',b'SHFE',b'ni1704',b'20170417',b'1',b'ni1704',b'\xc4\xf81704',1.0,0.06999999999999999,500.0,b'1',500.0,1.0,1.0,b'20160418',b'\x00',b'1',b'2',10.0,b'1',b'ni',0.06999999999999999,b'20170418',1.7976931348623157e+308,b'',1.0,1.0
247,b'0',b'20160506',5.0,2017.0,b'20170517',b'SHFE',b'ni1705',b'20170515',b'1',b'ni1705',b'\xc4\xf81705',1.0,0.06999999999999999,500.0,b'1',500.0,1.0,1.0,b'20160517',b'\x00',b'1',b'2',10.0,b'1',b'ni',0.06999999999999999,b'20170516',1.7976931348623157e+308,b'',1.0,1.0
248,b'0',b'20160603',6.0,2017.0,b'20170619',b'SHFE',b'ni1706',b'20170615',b'1',b'ni1706',b'\xc4\xf81706',1.0,0.06999999999999999,500.0,b'1',500.0,1.0,1.0,b'20160616',b'\x00',b'1',b'2',10.0,b'1',b'ni',0.06999999999999999,b'20170616',1.7976931348623157e+308,b'',1.0,1.0
249,b'0',b'20160705',7.0,2017.0,b'20170719',b'SHFE',b'ni1707',b'20170717',b'1',b'ni1707',b'\xc4\xf81707',1.0,0.06999999999999999,500.0,b'1',500.0,1.0,1.0,b'20160718',b'\x00',b'1',b'2',10.0,b'1',b'ni',0.06999999999999999,b'20170718',1.7976931348623157e+308,b'',1.0,1.0
250,b'0',b'20160714',8.0,2017.0,b'20170822',b'SHFE',b'ni1708',b'20170815',b'1',b'ni1708',b'\xc4\xf81708',1.0,0.06999999999999999,500.0,b'1',30.0,1.0,1.0,b'20160816',b'\x00',b'1',b'2',10.0,b'1',b'ni',0.06999999999999999,b'20170816',0.0,b'',0.0,1.0
251,b'0',b'20160816',9.0,2017.0,b'20170922',b'SHFE',b'ni1709',b'20170915',b'1',b'ni1709',b'\xc4\xf81709',1.0,0.06999999999999999,500.0,b'1',30.0,1.0,1.0,b'20160920',b'\x00',b'1',b'2',10.0,b'1',b'ni',0.06999999999999999,b'20170918',0.0,b'',0.0,1.0
252,b'0',b'20151008',10.0,2016.0,b'20161019',b'SHFE',b'pb1610',b'20161017',b'1',b'pb1610',b'\xc7\xa61610',1.0,0.05,500.0,b'1',500.0,1.0,1.0,b'20151016',b'\x00',b'1',b'2',5.0,b'1',b'pb',0.05,b'20161018',1.7976931348623157e+308,b'',1.7976931348623157e+308,5.0
253,b'0',b'20151106',11.0,2016.0,b'20161117',b'SHFE',b'pb1611',b'20161115',b'1',b'pb1611',b'\xc7\xa61611',1.0,0.05,500.0,b'1',500.0,1.0,1.0,b'20151117',b'\x00',b'1',b'2',5.0,b'1',b'pb',0.05,b'20161116',1.7976931348623157e+308,b'',1.7976931348623157e+308,5.0
254,b'0',b'20151207',12.0,2016.0,b'20161219',b'SHFE',b'pb1612',b'20161215',b'1',b'pb1612',b'\xc7\xa61612',1.0,0.05,500.0,b'1',500.0,1.0,1.0,b'20151216',b'\x00',b'1',b'2',5.0,b'1',b'pb',0.05,b'20161216',1.7976931348623157e+308,b'',1.7976931348623157e+308,5.0
255,b'0',b'20160105',1.0,2017.0,b'20170118',b'SHFE',b'pb1701',b'20170116',b'1',b'pb1701',b'\xc7\xa61701',1.0,0.05,500.0,b'1',500.0,1.0,1.0,b'20160118',b'\x00',b'1',b'2',5.0,b'1',b'pb',0.05,b'20170117',1.7976931348623157e+308,b'',1.7976931348623157e+308,5.0
256,b'0',b'20160202',2.0,2017.0,b'20170217',b'SHFE',b'pb1702',b'20170215',b'1',b'pb1702',b'\xc7\xa61702',1.0,0.05,500.0,b'1',500.0,1.0,1.0,b'20160216',b'\x00',b'1',b'2',5.0,b'1',b'pb',0.05,b'20170216',1.7976931348623157e+308,b'',1.7976931348623157e+308,5.0
257,b'0',b'20160303',3.0,2017.0,b'20170317',b'SHFE',b'pb1703',b'20170315',b'1',b'pb1703',b'\xc7\xa61703',1.0,0.05,500.0,b'1',500.0,1.0,1.0,b'20160316',b'\x00',b'1',b'2',5.0,b'1',b'pb',0.05,b'20170316',1.7976931348623157e+308,b'',1.7976931348623157e+308,5.0
258,b'0',b'20160407',4.0,2017.0,b'20170419',b'SHFE',b'pb1704',b'20170417',b'1',b'pb1704',b'\xc7\xa61704',1.0,0.05,500.0,b'1',500.0,1.0,1.0,b'20160418',b'\x00',b'1',b'2',5.0,b'1',b'pb',0.05,b'20170418',1.7976931348623157e+308,b'',1.7976931348623157e+308,5.0
259,b'0',b'20160506',5.0,2017.0,b'20170517',b'SHFE',b'pb1705',b'20170515',b'1',b'pb1705',b'\xc7\xa61705',1.0,0.05,500.0,b'1',500.0,1.0,1.0,b'20160517',b'\x00',b'1',b'2',5.0,b'1',b'pb',0.05,b'20170516',1.7976931348623157e+308,b'',1.7976931348623157e+308,5.0
260,b'0',b'20160603',6.0,2017.0,b'20170619',b'SHFE',b'pb1706',b'20170615',b'1',b'pb1706',b'\xc7\xa61706',1.0,0.05,500.0,b'1',500.0,1.0,1.0,b'20160616',b'\x00',b'1',b'2',5.0,b'1',b'pb',0.05,b'20170616',1.7976931348623157e+308,b'',1.7976931348623157e+308,5.0
261,b'0',b'20160705',7.0,2017.0,b'20170719',b'SHFE',b'pb1707',b'20170717',b'1',b'pb1707',b'\xc7\xa61707',1.0,0.05,500.0,b'1',500.0,1.0,1.0,b'20160718',b'\x00',b'1',b'2',5.0,b'1',b'pb',0.05,b'20170718',1.7976931348623157e+308,b'',1.7976931348623157e+308,5.0
262,b'0',b'20160714',8.0,2017.0,b'20170822',b'SHFE',b'pb1708',b'20170815',b'1',b'pb1708',b'\xc7\xa61708',1.0,0.05,500.0,b'1',30.0,1.0,1.0,b'20160816',b'\x00',b'1',b'2',5.0,b'1',b'pb',0.05,b'20170816',0.0,b'',0.0,5.0
263,b'0',b'20160816',9.0,2017.0,b'20170922',b'SHFE',b'pb1709',b'20170915',b'1',b'pb1709',b'\xc7\xa61709',1.0,0.05,500.0,b'1',30.0,1.0,1.0,b'20160920',b'\x00',b'1',b'2',5.0,b'1',b'pb',0.05,b'20170918',0.0,b'',0.0,5.0
264,b'0',b'20151008',10.0,2016.0,b'20161019',b'SHFE',b'rb1610',b'20161017',b'1',b'rb1610',b'\xc2\xdd\xce\xc6\xb8\xd61610',1.0,0.06,500.0,b'1',500.0,1.0,1.0,b'20151016',b'\x00',b'1',b'2',1.0,b'1',b'rb',0.06,b'20161018',1.7976931348623157e+308,b'',1.7976931348623157e+308,10.0
265,b'0',b'20151106',11.0,2016.0,b'20161117',b'SHFE',b'rb1611',b'20161115',b'1',b'rb1611',b'\xc2\xdd\xce\xc6\xb8\xd61611',1.0,0.06,500.0,b'1',500.0,1.0,1.0,b'20151117',b'\x00',b'1',b'2',1.0,b'1',b'rb',0.06,b'20161116',1.7976931348623157e+308,b'',1.7976931348623157e+308,10.0
266,b'0',b'20151207',12.0,2016.0,b'20161219',b'SHFE',b'rb1612',b'20161215',b'1',b'rb1612',b'\xc2\xdd\xce\xc6\xb8\xd61612',1.0,0.06,500.0,b'1',500.0,1.0,1.0,b'20151216',b'\x00',b'1',b'2',1.0,b'1',b'rb',0.06,b'20161216',1.7976931348623157e+308,b'',1.7976931348623157e+308,10.0
267,b'0',b'20160105',1.0,2017.0,b'20170118',b'SHFE',b'rb1701',b'20170116',b'1',b'rb1701',b'\xc2\xdd\xce\xc6\xb8\xd61701',1.0,0.06,500.0,b'1',500.0,1.0,1.0,b'20160118',b'\x00',b'1',b'2',1.0,b'1',b'rb',0.06,b'20170117',1.7976931348623157e+308,b'',1.7976931348623157e+308,10.0
268,b'0',b'20160202',2.0,2017.0,b'20170217',b'SHFE',b'rb1702',b'20170215',b'1',b'rb1702',b'\xc2\xdd\xce\xc6\xb8\xd61702',1.0,0.06,500.0,b'1',500.0,1.0,1.0,b'20160216',b'\x00',b'1',b'2',1.0,b'1',b'rb',0.06,b'20170216',1.7976931348623157e+308,b'',1.7976931348623157e+308,10.0
269,b'0',b'20160303',3.0,2017.0,b'20170317',b'SHFE',b'rb1703',b'20170315',b'1',b'rb1703',b'\xc2\xdd\xce\xc6\xb8\xd61703',1.0,0.06,500.0,b'1',500.0,1.0,1.0,b'20160316',b'\x00',b'1',b'2',1.0,b'1',b'rb',0.06,b'20170316',1.7976931348623157e+308,b'',1.7976931348623157e+308,10.0
270,b'0',b'20160407',4.0,2017.0,b'20170419',b'SHFE',b'rb1704',b'20170417',b'1',b'rb1704',b'\xc2\xdd\xce\xc6\xb8\xd61704',1.0,0.06,500.0,b'1',500.0,1.0,1.0,b'20160418',b'\x00',b'1',b'2',1.0,b'1',b'rb',0.06,b'20170418',1.7976931348623157e+308,b'',1.7976931348623157e+308,10.0
271,b'0',b'20160506',5.0,2017.0,b'20170517',b'SHFE',b'rb1705',b'20170515',b'1',b'rb1705',b'\xc2\xdd\xce\xc6\xb8\xd61705',1.0,0.06,500.0,b'1',500.0,1.0,1.0,b'20160517',b'\x00',b'1',b'2',1.0,b'1',b'rb',0.06,b'20170516',1.7976931348623157e+308,b'',1.7976931348623157e+308,10.0
272,b'0',b'20160603',6.0,2017.0,b'20170619',b'SHFE',b'rb1706',b'20170615',b'1',b'rb1706',b'\xc2\xdd\xce\xc6\xb8\xd61706',1.0,0.06,500.0,b'1',500.0,1.0,1.0,b'20160616',b'\x00',b'1',b'2',1.0,b'1',b'rb',0.06,b'20170616',1.7976931348623157e+308,b'',1.7976931348623157e+308,10.0
273,b'0',b'20160705',7.0,2017.0,b'20170719',b'SHFE',b'rb1707',b'20170717',b'1',b'rb1707',b'\xc2\xdd\xce\xc6\xb8\xd61707',1.0,0.06,500.0,b'1',500.0,1.0,1.0,b'20160718',b'\x00',b'1',b'2',1.0,b'1',b'rb',0.06,b'20170718',1.7976931348623157e+308,b'',1.7976931348623157e+308,10.0
274,b'0',b'20160714',8.0,2017.0,b'20170822',b'SHFE',b'rb1708',b'20170815',b'1',b'rb1708',b'\xc2\xdd\xce\xc6\xb8\xd61708',1.0,0.06,500.0,b'1',30.0,1.0,1.0,b'20160816',b'\x00',b'1',b'2',1.0,b'1',b'rb',0.06,b'20170816',0.0,b'',0.0,10.0
275,b'0',b'20160816',9.0,2017.0,b'20170922',b'SHFE',b'rb1709',b'20170915',b'1',b'rb1709',b'\xc2\xdd\xce\xc6\xb8\xd61709',1.0,0.06,500.0,b'1',30.0,1.0,1.0,b'20160920',b'\x00',b'1',b'2',1.0,b'1',b'rb',0.06,b'20170918',0.0,b'',0.0,10.0
276,b'0',b'20151008',10.0,2016.0,b'20161019',b'SHFE',b'ru1610',b'20161017',b'1',b'ru1610',b'\xcc\xec\xc8\xbb\xcf\xf0\xbd\xba1610',1.0,0.08,500.0,b'1',500.0,1.0,1.0,b'20151016',b'\x00',b'1',b'2',5.0,b'1',b'ru',0.08,b'20161018',1.7976931348623157e+308,b'',1.7976931348623157e+308,10.0
277,b'0',b'20151106',11.0,2016.0,b'20161117',b'SHFE',b'ru1611',b'20161115',b'1',b'ru1611',b'\xcc\xec\xc8\xbb\xcf\xf0\xbd\xba1611',1.0,0.08,500.0,b'1',500.0,1.0,1.0,b'20151117',b'\x00',b'1',b'2',5.0,b'1',b'ru',0.08,b'20161116',1.7976931348623157e+308,b'',1.7976931348623157e+308,10.0
278,b'0',b'20160105',1.0,2017.0,b'20170118',b'SHFE',b'ru1701',b'20170116',b'1',b'ru1701',b'\xcc\xec\xc8\xbb\xcf\xf0\xbd\xba1701',1.0,0.08,500.0,b'1',500.0,1.0,1.0,b'20160118',b'\x00',b'1',b'2',5.0,b'1',b'ru',0.08,b'20170117',1.7976931348623157e+308,b'',1.7976931348623157e+308,10.0
279,b'0',b'20160303',3.0,2017.0,b'20170317',b'SHFE',b'ru1703',b'20170315',b'1',b'ru1703',b'\xcc\xec\xc8\xbb\xcf\xf0\xbd\xba1703',1.0,0.08,500.0,b'1',500.0,1.0,1.0,b'20160316',b'\x00',b'1',b'2',5.0,b'1',b'ru',0.08,b'20170316',1.7976931348623157e+308,b'',1.7976931348623157e+308,10.0
280,b'0',b'20160407',4.0,2017.0,b'20170419',b'SHFE',b'ru1704',b'20170417',b'1',b'ru1704',b'\xcc\xec\xc8\xbb\xcf\xf0\xbd\xba1704',1.0,0.08,500.0,b'1',500.0,1.0,1.0,b'20160418',b'\x00',b'1',b'2',5.0,b'1',b'ru',0.08,b'20170418',1.7976931348623157e+308,b'',1.7976931348623157e+308,10.0
281,b'0',b'20160506',5.0,2017.0,b'20170517',b'SHFE',b'ru1705',b'20170515',b'1',b'ru1705',b'\xcc\xec\xc8\xbb\xcf\xf0\xbd\xba1705',1.0,0.08,500.0,b'1',500.0,1.0,1.0,b'20160517',b'\x00',b'1',b'2',5.0,b'1',b'ru',0.08,b'20170516',1.7976931348623157e+308,b'',1.7976931348623157e+308,10.0
282,b'0',b'20160603',6.0,2017.0,b'20170619',b'SHFE',b'ru1706',b'20170615',b'1',b'ru1706',b'\xcc\xec\xc8\xbb\xcf\xf0\xbd\xba1706',1.0,0.08,500.0,b'1',500.0,1.0,1.0,b'20160616',b'\x00',b'1',b'2',5.0,b'1',b'ru',0.08,b'20170616',1.7976931348623157e+308,b'',1.7976931348623157e+308,10.0
283,b'0',b'20160705',7.0,2017.0,b'20170719',b'SHFE',b'ru1707',b'20170717',b'1',b'ru1707',b'\xcc\xec\xc8\xbb\xcf\xf0\xbd\xba1707',1.0,0.08,500.0,b'1',500.0,1.0,1.0,b'20160718',b'\x00',b'1',b'2',5.0,b'1',b'ru',0.08,b'20170718',1.7976931348623157e+308,b'',1.7976931348623157e+308,10.0
284,b'0',b'20160714',8.0,2017.0,b'20170822',b'SHFE',b'ru1708',b'20170815',b'1',b'ru1708',b'\xcc\xec\xc8\xbb\xcf\xf0\xbd\xba1708',1.0,0.08,500.0,b'1',30.0,1.0,1.0,b'20160816',b'\x00',b'1',b'2',5.0,b'1',b'ru',0.08,b'20170816',0.0,b'',0.0,10.0
285,b'0',b'20160816',9.0,2017.0,b'20170922',b'SHFE',b'ru1709',b'20170915',b'1',b'ru1709',b'\xcc\xec\xc8\xbb\xcf\xf0\xbd\xba1709',1.0,0.08,500.0,b'1',30.0,1.0,1.0,b'20160920',b'\x00',b'1',b'2',5.0,b'1',b'ru',0.08,b'20170918',0.0,b'',0.0,10.0
286,b'0',b'20151008',10.0,2016.0,b'20161019',b'SHFE',b'sn1610',b'20161017',b'1',b'sn1610',b'\xce\xfd1610',1.0,0.05,500.0,b'1',500.0,1.0,1.0,b'20151016',b'\x00',b'1',b'2',10.0,b'1',b'sn',0.05,b'20161018',1.7976931348623157e+308,b'',1.0,1.0
287,b'0',b'20151106',11.0,2016.0,b'20161117',b'SHFE',b'sn1611',b'20161115',b'1',b'sn1611',b'\xce\xfd1611',1.0,0.05,500.0,b'1',500.0,1.0,1.0,b'20151117',b'\x00',b'1',b'2',10.0,b'1',b'sn',0.05,b'20161116',1.7976931348623157e+308,b'',1.0,1.0
288,b'0',b'20151207',12.0,2016.0,b'20161219',b'SHFE',b'sn1612',b'20161215',b'1',b'sn1612',b'\xce\xfd1612',1.0,0.05,500.0,b'1',500.0,1.0,1.0,b'20151216',b'\x00',b'1',b'2',10.0,b'1',b'sn',0.05,b'20161216',1.7976931348623157e+308,b'',1.0,1.0
289,b'0',b'20160105',1.0,2017.0,b'20170118',b'SHFE',b'sn1701',b'20170116',b'1',b'sn1701',b'\xce\xfd1701',1.0,0.05,500.0,b'1',500.0,1.0,1.0,b'20160118',b'\x00',b'1',b'2',10.0,b'1',b'sn',0.05,b'20170117',1.7976931348623157e+308,b'',1.0,1.0
290,b'0',b'20160202',2.0,2017.0,b'20170217',b'SHFE',b'sn1702',b'20170215',b'1',b'sn1702',b'\xce\xfd1702',1.0,0.05,500.0,b'1',500.0,1.0,1.0,b'20160216',b'\x00',b'1',b'2',10.0,b'1',b'sn',0.05,b'20170216',1.7976931348623157e+308,b'',1.0,1.0
291,b'0',b'20160303',3.0,2017.0,b'20170317',b'SHFE',b'sn1703',b'20170315',b'1',b'sn1703',b'\xce\xfd1703',1.0,0.05,500.0,b'1',500.0,1.0,1.0,b'20160316',b'\x00',b'1',b'2',10.0,b'1',b'sn',0.05,b'20170316',1.7976931348623157e+308,b'',1.0,1.0
292,b'0',b'20160407',4.0,2017.0,b'20170419',b'SHFE',b'sn1704',b'20170417',b'1',b'sn1704',b'\xce\xfd1704',1.0,0.05,500.0,b'1',500.0,1.0,1.0,b'20160418',b'\x00',b'1',b'2',10.0,b'1',b'sn',0.05,b'20170418',1.7976931348623157e+308,b'',1.0,1.0
293,b'0',b'20160506',5.0,2017.0,b'20170517',b'SHFE',b'sn1705',b'20170515',b'1',b'sn1705',b'\xce\xfd1705',1.0,0.05,500.0,b'1',500.0,1.0,1.0,b'20160517',b'\x00',b'1',b'2',10.0,b'1',b'sn',0.05,b'20170516',1.7976931348623157e+308,b'',1.0,1.0
294,b'0',b'20160603',6.0,2017.0,b'20170619',b'SHFE',b'sn1706',b'20170615',b'1',b'sn1706',b'\xce\xfd1706',1.0,0.05,500.0,b'1',500.0,1.0,1.0,b'20160616',b'\x00',b'1',b'2',10.0,b'1',b'sn',0.05,b'20170616',1.7976931348623157e+308,b'',1.0,1.0
295,b'0',b'20160705',7.0,2017.0,b'20170719',b'SHFE',b'sn1707',b'20170717',b'1',b'sn1707',b'\xce\xfd1707',1.0,0.05,500.0,b'1',500.0,1.0,1.0,b'20160718',b'\x00',b'1',b'2',10.0,b'1',b'sn',0.05,b'20170718',1.7976931348623157e+308,b'',1.0,1.0
296,b'0',b'20160714',8.0,2017.0,b'20170822',b'SHFE',b'sn1708',b'20170815',b'1',b'sn1708',b'\xce\xfd1708',1.0,0.05,500.0,b'1',30.0,1.0,1.0,b'20160816',b'\x00',b'1',b'2',10.0,b'1',b'sn',0.05,b'20170816',0.0,b'',0.0,1.0
297,b'0',b'20160816',9.0,2017.0,b'20170922',b'SHFE',b'sn1709',b'20170915',b'1',b'sn1709',b'\xce\xfd1709',1.0,0.05,500.0,b'1',30.0,1.0,1.0,b'20160920',b'\x00',b'1',b'2',10.0,b'1',b'sn',0.05,b'20170918',0.0,b'',0.0,1.0
298,b'0',b'20151008',10.0,2016.0,b'20161019',b'SHFE',b'wr1610',b'20161017',b'1',b'wr1610',b'\xcf\xdf\xb2\xc41610',1.0,0.2,500.0,b'1',500.0,1.0,1.0,b'20151016',b'\x00',b'1',b'2',1.0,b'1',b'wr',0.2,b'20161018',1.7976931348623157e+308,b'',1.7976931348623157e+308,10.0
299,b'0',b'20151106',11.0,2016.0,b'20161117',b'SHFE',b'wr1611',b'20161115',b'1',b'wr1611',b'\xcf\xdf\xb2\xc41611',1.0,0.2,500.0,b'1',500.0,1.0,1.0,b'20151117',b'\x00',b'1',b'2',1.0,b'1',b'wr',0.2,b'20161116',1.7976931348623157e+308,b'',1.7976931348623157e+308,10.0
300,b'0',b'20151207',12.0,2016.0,b'20161219',b'SHFE',b'wr1612',b'20161215',b'1',b'wr1612',b'\xcf\xdf\xb2\xc41612',1.0,0.2,500.0,b'1',500.0,1.0,1.0,b'20151216',b'\x00',b'1',b'2',1.0,b'1',b'wr',0.2,b'20161216',1.7976931348623157e+308,b'',1.7976931348623157e+308,10.0
301,b'0',b'20160105',1.0,2017.0,b'20170118',b'SHFE',b'wr1701',b'20170116',b'1',b'wr1701',b'\xcf\xdf\xb2\xc41701',1.0,0.2,500.0,b'1',500.0,1.0,1.0,b'20160118',b'\x00',b'1',b'2',1.0,b'1',b'wr',0.2,b'20170117',1.7976931348623157e+308,b'',1.7976931348623157e+308,10.0
302,b'0',b'20160202',2.0,2017.0,b'20170217',b'SHFE',b'wr1702',b'20170215',b'1',b'wr1702',b'\xcf\xdf\xb2\xc41702',1.0,0.2,500.0,b'1',500.0,1.0,1.0,b'20160216',b'\x00',b'1',b'2',1.0,b'1',b'wr',0.2,b'20170216',1.7976931348623157e+308,b'',1.7976931348623157e+308,10.0
303,b'0',b'20160303',3.0,2017.0,b'20170317',b'SHFE',b'wr1703',b'20170315',b'1',b'wr1703',b'\xcf\xdf\xb2\xc41703',1.0,0.2,500.0,b'1',500.0,1.0,1.0,b'20160316',b'\x00',b'1',b'2',1.0,b'1',b'wr',0.2,b'20170316',1.7976931348623157e+308,b'',1.7976931348623157e+308,10.0
304,b'0',b'20160407',4.0,2017.0,b'20170419',b'SHFE',b'wr1704',b'20170417',b'1',b'wr1704',b'\xcf\xdf\xb2\xc41704',1.0,0.2,500.0,b'1',500.0,1.0,1.0,b'20160418',b'\x00',b'1',b'2',1.0,b'1',b'wr',0.2,b'20170418',0.0,b'',0.0,10.0
305,b'0',b'20160506',5.0,2017.0,b'20170517',b'SHFE',b'wr1705',b'20170515',b'1',b'wr1705',b'\xcf\xdf\xb2\xc41705',1.0,0.2,500.0,b'1',500.0,1.0,1.0,b'20160517',b'\x00',b'1',b'2',1.0,b'1',b'wr',0.2,b'20170516',1.7976931348623157e+308,b'',1.7976931348623157e+308,10.0
306,b'0',b'20160603',6.0,2017.0,b'20170619',b'SHFE',b'wr1706',b'20170615',b'1',b'wr1706',b'\xcf\xdf\xb2\xc41706',1.0,0.2,500.0,b'1',500.0,1.0,1.0,b'20160616',b'\x00',b'1',b'2',1.0,b'1',b'wr',0.2,b'20170616',1.7976931348623157e+308,b'',1.7976931348623157e+308,10.0
307,b'0',b'20160705',7.0,2017.0,b'20170719',b'SHFE',b'wr1707',b'20170717',b'1',b'wr1707',b'\xcf\xdf\xb2\xc41707',1.0,0.2,500.0,b'1',500.0,1.0,1.0,b'20160718',b'\x00',b'1',b'2',1.0,b'1',b'wr',0.2,b'20170718',1.7976931348623157e+308,b'',1.7976931348623157e+308,10.0
308,b'0',b'20160714',8.0,2017.0,b'20170822',b'SHFE',b'wr1708',b'20170815',b'1',b'wr1708',b'\xcf\xdf\xb2\xc41708',1.0,0.2,500.0,b'1',30.0,1.0,1.0,b'20160816',b'\x00',b'1',b'2',1.0,b'1',b'wr',0.2,b'20170816',0.0,b'',0.0,10.0
309,b'0',b'20160816',9.0,2017.0,b'20170922',b'SHFE',b'wr1709',b'20170915',b'1',b'wr1709',b'\xcf\xdf\xb2\xc41709',1.0,0.2,500.0,b'1',30.0,1.0,1.0,b'20160920',b'\x00',b'1',b'2',1.0,b'1',b'wr',0.2,b'20170918',0.0,b'',0.0,10.0
310,b'0',b'20151008',10.0,2016.0,b'20161019',b'SHFE',b'zn1610',b'20161017',b'1',b'zn1610',b'\xd0\xbf1610',1.0,0.06,500.0,b'1',500.0,1.0,1.0,b'20151016',b'\x00',b'1',b'2',5.0,b'1',b'zn',0.06,b'20161018',1.7976931348623157e+308,b'',1.7976931348623157e+308,5.0
311,b'0',b'20151106',11.0,2016.0,b'20161117',b'SHFE',b'zn1611',b'20161115',b'1',b'zn1611',b'\xd0\xbf1611',1.0,0.06,500.0,b'1',500.0,1.0,1.0,b'20151117',b'\x00',b'1',b'2',5.0,b'1',b'zn',0.06,b'20161116',1.7976931348623157e+308,b'',1.7976931348623157e+308,5.0
312,b'0',b'20151207',12.0,2016.0,b'20161219',b'SHFE',b'zn1612',b'20161215',b'1',b'zn1612',b'\xd0\xbf1612',1.0,0.06,500.0,b'1',500.0,1.0,1.0,b'20151216',b'\x00',b'1',b'2',5.0,b'1',b'zn',0.06,b'20161216',1.7976931348623157e+308,b'',1.7976931348623157e+308,5.0
313,b'0',b'20160105',1.0,2017.0,b'20170118',b'SHFE',b'zn1701',b'20170116',b'1',b'zn1701',b'\xd0\xbf1701',1.0,0.06,500.0,b'1',500.0,1.0,1.0,b'20160118',b'\x00',b'1',b'2',5.0,b'1',b'zn',0.06,b'20170117',1.7976931348623157e+308,b'',1.7976931348623157e+308,5.0
314,b'0',b'20160202',2.0,2017.0,b'20170217',b'SHFE',b'zn1702',b'20170215',b'1',b'zn1702',b'\xd0\xbf1702',1.0,0.06,500.0,b'1',500.0,1.0,1.0,b'20160216',b'\x00',b'1',b'2',5.0,b'1',b'zn',0.06,b'20170216',1.7976931348623157e+308,b'',1.7976931348623157e+308,5.0
315,b'0',b'20160303',3.0,2017.0,b'20170317',b'SHFE',b'zn1703',b'20170315',b'1',b'zn1703',b'\xd0\xbf1703',1.0,0.06,500.0,b'1',500.0,1.0,1.0,b'20160316',b'\x00',b'1',b'2',5.0,b'1',b'zn',0.06,b'20170316',1.7976931348623157e+308,b'',1.7976931348623157e+308,5.0
316,b'0',b'20160407',4.0,2017.0,b'20170419',b'SHFE',b'zn1704',b'20170417',b'1',b'zn1704',b'\xd0\xbf1704',1.0,0.06,500.0,b'1',500.0,1.0,1.0,b'20160418',b'\x00',b'1',b'2',5.0,b'1',b'zn',0.06,b'20170418',1.7976931348623157e+308,b'',1.7976931348623157e+308,5.0
317,b'0',b'20160506',5.0,2017.0,b'20170517',b'SHFE',b'zn1705',b'20170515',b'1',b'zn1705',b'\xd0\xbf1705',1.0,0.06,500.0,b'1',500.0,1.0,1.0,b'20160517',b'\x00',b'1',b'2',5.0,b'1',b'zn',0.06,b'20170516',1.7976931348623157e+308,b'',1.7976931348623157e+308,5.0
318,b'0',b'20160603',6.0,2017.0,b'20170619',b'SHFE',b'zn1706',b'20170615',b'1',b'zn1706',b'\xd0\xbf1706',1.0,0.06,500.0,b'1',500.0,1.0,1.0,b'20160616',b'\x00',b'1',b'2',5.0,b'1',b'zn',0.06,b'20170616',1.7976931348623157e+308,b'',1.7976931348623157e+308,5.0
319,b'0',b'20160705',7.0,2017.0,b'20170719',b'SHFE',b'zn1707',b'20170717',b'1',b'zn1707',b'\xd0\xbf1707',1.0,0.06,500.0,b'1',500.0,1.0,1.0,b'20160718',b'\x00',b'1',b'2',5.0,b'1',b'zn',0.06,b'20170718',1.7976931348623157e+308,b'',1.7976931348623157e+308,5.0
320,b'0',b'20160714',8.0,2017.0,b'20170822',b'SHFE',b'zn1708',b'20170815',b'1',b'zn1708',b'\xd0\xbf1708',1.0,0.06,500.0,b'1',30.0,1.0,1.0,b'20160816',b'\x00',b'1',b'2',5.0,b'1',b'zn',0.06,b'20170816',0.0,b'',0.0,5.0
321,b'0',b'20160816',9.0,2017.0,b'20170922',b'SHFE',b'zn1709',b'20170915',b'1',b'zn1709',b'\xd0\xbf1709',1.0,0.06,500.0,b'1',30.0,1.0,1.0,b'20160920',b'\x00',b'1',b'2',5.0,b'1',b'zn',0.06,b'20170918',0.0,b'',0.0,5.0
